16401741	Via Giacomo Matteotti, Osoppo, UD, FVG, 33013, Italia	46.2570161	13.0847237	0.001
16723848	Via Santa Lucia, Piovega, Gemona, UD, FVG, 33013, Italia	46.2732178	13.1290215	0.001
16748500	Poste Italiane, Via Carlo Caneva, Bambins, Gemona, UD, FVG, 33013, Italia	46.2788248	13.1392063	0.001
16185424	Via Dante Alighieri, Piovega, Gemona, UD, FVG, 33013, Italia	46.2747428	13.1294349	0.001
16859675	Via dei Pioppi, Piovega, Gemona, UD, FVG, 33013, Italia	46.2751572	13.1313527	0.001
17072706	Via Julia, Piovega, Gemona, UD, FVG, 33013, Italia	46.2735232	13.1289926	0.001
