16486826	BCC Carnia e Gemonese, Via Casadorno, Rigolato, UD, FVG, 33023, Italia	46.5522768	12.851486	0.001
48494114	Piazza Italia, Villa Santina, UD, FVG, 33029, Italia	46.416028	12.9241205	0.001
52064732	Via Cesare Battisti, Villa Santina, UD, FVG, 33029, Italia	46.4165694	12.9217494	0.001
