16210890	UniCredit, Via Carso, Lignano Sabbiadoro, UD, FVG, 33054, Italia	45.6933231	13.1482947	0.001
973865	Viale Italia, Grado, GO, FVG, 34073, Italia	45.6790718	13.4008655	0.001
46444229	via Pietro Orseolo Secondo, Grado, GO, FVG, 34073, Italia	45.677742	13.3867356	0.001
