26587140	BCC Bassa Friulana, Via Pompeo Molmenti, Carlino, UD, FVG, 33058, Italia	45.8022523	13.188292	0.001
28106417	Friuladria, SP3, Carlino, UD, FVG, 33058, Italia	45.8019444	13.1884402	0.001
27964099	Friuladria, Via Roma, Muzzana del Turgnano, UD, FVG, 33055, Italia	45.8162827	13.1246843	0.001
