67960790	Enoteca Sgonico / Vinoteka Zgonik, 15, Sgonico / Zgonik, TS, FVG, 34010, Italia	45.7364029	13.7478905000083	0.001
14073935	Bennigan's Pub 1902, 187, Santa Croce / Križ, TS, FVG, 34151, Italia	45.73391	13.6929201	0.001
