2597764170	Via Darsena, Lignano Sabbiadoro, UD, FVG, 33054, Italia	45.6935762	13.147558	0.001
49994589	Lungomare Lignano, Lignano Pineta, Lignano Sabbiadoro, UD, FVG, 33054, Italia	45.6786603	13.1281048	0.001
47269825	Piazza City, Lignano City, UD, FVG, 33054, Italia	45.6855026	13.1336371	0.001
