38369230	SS14, Duino-Aurisina / Devin - Nabrežina, TS, FVG, 34011, Italia	45.7716911	13.6371299	0.001
