16676682	Via Cristoforo Colombo, Sacile, PN, FVG, 33077, Italia	45.9547555	12.4934506	0.001
45635931	Cao's, Via Stefano De Marchi, Caneva, PN, FVG, Italia	45.9666847	12.4345646	0.001
