121438992	SP1, ex Osteria di Grassia / Kresija, Sgonico / Zgonik, TS, FVG, 34010, Italia	45.7200116	13.7217582635266	0.001
