140638187	Via Apollo Prometeo Candoni, Tolmezzo, UD, FVG, 33028, Italia	46.3947153	13.0269452326056	0.001
