101940173	Via Pier Paolo Vergerio, Maddalena, Trieste, TS, FVG, 34138, Italia	45.6399751	13.7892848728363	0.001
98390936	Via del Prato, San Cilino, Trieste, TS, FVG, 34127, Italia	45.65788055	13.7946228078331	0.001
14874224	7, Strada del Friuli, Gretta, Trieste, TS, FVG, 34135, Italia	45.669118	13.764599	0.001
18337880	Via del Bosco, Barriera Vecchia, Trieste, TS, FVG, 34131, Italia	45.6456174	13.779262	0.001
70396033	SP35, Sgonico / Zgonik, TS, FVG, 34151, Italia	45.70901425	13.7438257974237	0.001
