16920422	Via Valentino Buiatti, Mortegliano, UD, FVG, Italia	45.9647098	13.192337	0.001
17971442	Via Ponte di Madrisio, Case Sparse Levada, Bertiolo, UD, FVG, 33032, Italia	45.9406535	13.0788908	0.001
113325522	Viale Udine, San Vito al Tagliamento, PN, FVG, 33078, Italia	45.92584575	12.8737912821554	0.001
114937585	Shell, Via San Nicolò, San Vito al Tagliamento, PN, FVG, 33078, Italia	45.91764605	12.8661469733184	0.001
