100246195	Kinemax Monfalcone, 54, Via Grado, Crosara, Monfalcone, GO, FVG, 34074, Italia	45.79716635	13.5238563285237	0.001
