47643307	Teatro ruffo, Piazza Duomo, Sacile, PN, FVG, 33077, Italia	45.953095	12.502499	0.001
