70385255	Via Filippo Turati, Case Il Paludo, Chions, PN, FVG, 33083, Italia	45.8635945	12.7520994746793	0.001
