68128929	PT - Ambulatorio Medico, Viale Spesse, Vajont, PN, FVG, 33085, Italia	46.1461857	12.6987348381332	0.001
