2598321429	United World College of the Adriatic, 29, Duino / Devin, TS, FVG, Italia	45.7732503	13.6046781	0.28611063262914
