16149513	Via della Repubblica, Rigolato, UD, FVG, 33023, Italia	46.5499071	12.8536663	0.001
35829668	Via Norsinia, Raveo, UD, FVG, 33029, Italia	46.4345034	12.8702118	0.001
