7953019	Via Giulia Augusta, Marignane, Aquileia, UD, FVG, 33051, Italia	45.7758296	13.3647393	0.001
131790676	Largo dell'Anconetta, Anconetta, Monfalcone, GO, FVG, 34074, Italia	45.8099049	13.5250734108849	0.001
112686281	Piazza Unità d'Italia, Crosara, Monfalcone, GO, FVG, 34074, Italia	45.8089103	13.5329591596774	0.001
17710861	Via Europa, San Canzian d'Isonzo, GO, FVG, 34075, Italia	45.8095352	13.4449607	0.001
