12322006	Via Tavagnacco, Chiavris, Udine, UD, FVG, 33100, Italia	46.0868772	13.2305351	0.001
46283797	Piazza Primo Maggio, Borgo Gemona, Udine, UD, FVG, 33100, Italia	46.0659404	13.2377688	0.001
46456620	Piazza della Libertà, Borgo Poscolle, Udine, UD, FVG, 33100, Italia	46.0633123	13.2362001	0.001
44380627	Piazza Matteotti, Borgo Poscolle, Udine, UD, FVG, 33100, Italia	46.0631538	13.2335502	0.001
