5305063	SP4, Duino-Aurisina / Devin - Nabrežina, TS, FVG, 34011, Italia	45.7883873	13.6439608	0.001
