104216622	Ospedale  San Gregorio, 4, Via Ettoreo, Sacile, PN, FVG, 33077, Italia	45.9567209	12.4992704417191	0.001
