67699810	Via Giulio Cesare, Campo Marzio, Trieste, TS, FVG, 34123, Italia	45.64545005	13.7559230487831	0.001
