20757307	Pez Oddone, Via Bassi, Roveredo, Pocenia, UD, FVG, 33055, Italia	45.8327837	13.0991096	0.001
26600606	Lippi, SP3, Carlino, UD, FVG, 33058, Italia	45.8017449	13.188546	0.001
2602604834	Farmacia Toldi, 3, Via Max di Montegnacco, San Giorgio di Nogaro, UD, FVG, 33058, Italia	45.831005	13.212245	0.001
