22431493	Marillion Pub, SS14, Duino-Aurisina / Devin - Nabrežina, TS, FVG, 34011, Italia	45.7663024	13.6397548	0.101
99890618	Da Livio, SP3, Duino-Aurisina / Devin - Nabrežina, TS, FVG, 34011, Italia	45.76969755	13.6329556065779	0.001
11301554	La Giostra, 36, Slivia / Slivno, TS, FVG, Italia	45.7638415	13.6615064	0.001
