67961629	Via del Pucino, Porticciolo di Santa Croce / Kriški pristan, Trieste, TS, FVG, Italia	45.7329661	13.6916306659876	0.001
71038190	442, Santa Croce / Križ, TS, FVG, 34151, Italia	45.73552255	13.6892254312436	0.001
