68893464	Trieste Centrale, 8, Piazza della Libertà, Borgo Teresiano, Trieste, TS, FVG, 34132, Italia	45.65804125	13.7717782862985	0.33543898169688
5751331	Villa Opicina, Via della Ferrovia, Opicina Campagna, Trieste, TS, FVG, 34016, Italia	45.6944768	13.7911695	0.17217279423731
