16089245	Pordenone, Sottopasso stazione, Cappuccini, Pordenone, PN, FVG, 33170, Italia	45.9565581	12.6543849	0.31908579539046
6909276	Fontanafredda, Via Quattro Novembre, Fontanafredda, PN, FVG, 33074, Italia	45.9675443	12.5752382	0.07374459342567
