8093639	Gemona del Friuli, Piazzale della Stazione, Piovega, Gemona, UD, FVG, 33013, Italia	46.274488	13.1281757	0.19764611922243
67286366	Carnia, Via Stazione, Casali Scjs, Venzone, UD, FVG, Italia	46.37364615	13.1331227589785	0.16095925177046
15645996	Osoppo, Via Brigata Re, Osoppo, UD, FVG, Italia	46.2491769	13.0846312	0.12027225158296
69233919	Pontebba, Via Quattro Novembre, Località Bombas, Pontebba, UD, FVG, 33016, Italia	46.50836085	13.3115304112074	0.07374459342567
250255	Venzone, Via dei Platani, Casali Scjs, Venzone, UD, FVG, Italia	46.3320242	13.1356031	0.07374459342567
16356501	Artegna, Via Micossi, Borgo Monte, Artegna, UD, FVG, 33011, Italia	46.2311972	13.1623522	0.046527658157285
16199856	Tarcento, Via della Ferrovia, Borgo Patochis, Tarcento, UD, FVG, 33017, Italia	46.2092724	13.1963587	0.001
