39943859	Netcraft Studio, 14, Macilles, Sutrio, UD, FVG, 33020, Italia	46.5109726	12.9935339	0.101
