6884750	Piazza della Libertà, Sacile, PN, FVG, 33077, Italia	45.9486489	12.4978867	0.001
