46955312	Piazza Vittore Carpaccio, Grado, GO, FVG, 34073, Italia	45.6789827	13.3867941	0.001
