48773603	Fazioli Concert Hall, Strada Canevon, Sacile, PN, FVG, 33070, Italia	45.9643526	12.4902424	0.001
69632236	Teatro Zancanaro, Viale Pietro Zancanaro, Sacile, PN, FVG, 33077, Italia	45.9555032	12.5048246646226	0.001
68372318	Via Trieste, Caneva, PN, FVG, Italia	45.96607235	12.4481837984375	0.001
