69153401	Teatro, Piazzale Franco Marinotti, Torviscosa, UD, FVG, 33050, Italia	45.82427895	13.279704271593	0.001
