50100472	Piazza Cavaradossi, Carcare, SV, LIG, 17014, Italia	44.3581376	8.2910347	0.001
14647239	Banca San Paolo, Via Molinetti, Finalpia, Finale Ligure, SV, LIG, 17024, Italia	44.1727687	8.3538738	0.001
816483	Molinetto, Pietra Ligure, SV, LIG, 17027, Italia	44.1488654	8.2826612	0.001
