50995138	Via San Francesco, Pampara, Taggia, IM, LIG, 18018, Italia	43.8387907	7.8535528	0.001
52175563	Via Periane, Pampara, Taggia, IM, LIG, 18018, Italia	43.8465223	7.852185	0.001
49318190	Via Goffredo Mameli, Pampara, Taggia, IM, LIG, 18018, Italia	43.8594202	7.8536369	0.001
51257531	Corso Villaregia, Riva Ligure, IM, LIG, 18015, Italia	43.8363371	7.8757404	0.001
