22064803	Via Alessandro Manzoni, Borgo Castello, Loano, SV, LIG, 17025, Italia	44.1255957	8.2551206	0.001
22494502	Via Aurelia, Campore, Ceriale, SV, LIG, 17023, Italia	44.0917765	8.2292092	0.001
