16937904	Via San Francesco, San Pietro, Sanremo, IM, LIG, 18038, Italia	43.8208193	7.7757122	0.001
19566554	Shell, SS1, San Bartolomeo, Sanremo, IM, LIG, 1838, Italia	43.8082702	7.7544909	0.001
16816481	Strada Baragallo, San Pietro, Sanremo, IM, LIG, 18038, Italia	43.8261455	7.7713574	0.001
51200921	Via Aurelia Ponente, Pampara, Taggia, IM, LIG, 18032, Italia	43.8341155	7.8499704	0.001
123383840	Galleria Levà, Pampara, Taggia, IM, LIG, 18018, Italia	43.84515895	7.85177658948224	0.001
