108204118	Corso degli Inglesi, San Pietro, Sanremo, IM, LIG, 1838, Italia	43.81525545	7.77182069512675	0.001
