106234504	Teatro Ariston, Via del Volturno, San Pietro, Sanremo, IM, LIG, 1838, Italia	43.81751005	7.77795839041985	0.3282657693621
96093042	Cinema Centrale, Via Feraldi, San Pietro, Sanremo, IM, LIG, 1838, Italia	43.81654755	7.77498904119819	0.101
4612345	Cinema Ariston, Via Goffredo Mameli, San Pietro, Sanremo, IM, LIG, 1838, Italia	43.8175538	7.7776063	0.101
144772637	Via Giacomo Matteotti, San Pietro, Sanremo, IM, LIG, 1838, Italia	43.81642695	7.77501589663461	0.001
105676451	Via Piave, San Pietro, Sanremo, IM, LIG, 1838, Italia	43.8167576	7.7769842722316	0.001
106545212	Via Giacomo Matteotti, San Pietro, Sanremo, IM, LIG, 1838, Italia	43.81693	7.77668340169012	0.001
105577751	Via Candido Querolo, Taggia, IM, LIG, 18032, Italia	43.83133625	7.85135185744295	0.001
