14298134	Cinema Teatro Gassmann, Via 4 Novembre, Varicella, Borgio Verezzi, SV, LIG, 17027, Italia	44.1588653	8.3047851	0.101
106595007	Lungomare A. Migliorini, Finalpia, Finale Ligure, SV, LIG, 17024, Italia	44.1692149	8.34709162083334	0.001
105943091	Via Bardineto, Finalmarina, Finale Ligure, SV, LIG, 17024, Italia	44.16972735	8.34393208309609	0.001
105749637	Via Aldo Vernetti, Caretti, Cairo Montenotte, SV, LIG, 17014, Italia	44.3968263	8.27723069533481	0.001
108600254	Viale della Repubblica, Arbaschi, Pietra Ligure, SV, LIG, 17027, Italia	44.15255725	8.28684225	0.001
106823828	Via IV Novembre, Arbaschi, Pietra Ligure, SV, LIG, 17027, Italia	44.1504299	8.28513767575247	0.001
