107410191	Via Ricreatorio, Municipio V Val Polcevera, Genova, GE, LIG, 16164, Italia	44.4986278	8.90143035166482	0.001
49388052	Columbia, Strada provinciale dei Giovi, Balbi, Pieve, Ronco Scrivia, GE, LIG, 16019, Italia	44.6126922	8.9508915	0.001
106478786	Via Piave, Serra Riccò, GE, LIG, 16010, Italia	44.52779345	8.91504767818792	0.001
