108486313	Teatro Cinema Comunale, Via Roma, Gallardi, Ventimiglia, IM, LIG, 18039, Italia	43.7916726	7.60725928420269	0.101
107197280	Cinema Olimpia, 3, Via Cadorna, Villa Iride, Bordighera, IM, LIG, 18012, Italia	43.7783054	7.6658744	0.101
108293041	Cinema Don Bosco, Via Colonnello Aprosio, Vallecrosia, IM, LIG, 18019, Italia	43.7842775	7.64406980574981	0.101
108008581	SP64, Dolceacqua, IM, LIG, Italia	43.8493002	7.62333103741472	0.001
