144593762	Croce Rossa Varazze, Via Aspera, Favari, Varazze, SV, LIG, 17019, Italia	44.3536056	8.56457112579506	0.001
50014302	ASL 2, Via Ciarli, Schiappapria, Varazze, SV, LIG, 17019, Italia	44.3600801	8.5788635	0.001
