26034113	CMD, Via Zara, Santo Stefano di Magra, SP, LIG, 19021, Italia	44.1444539	9.9249042	0.001
