107829243	Palazzo di Giustizia, Via Giosuè Carducci, La Spezia, SP, LIG, 19100, Italia	44.1131349	9.83872930064943	0.13958297447186
108155517	Viale Giovanni Amendola, Pegazzano, La Spezia, SP, LIG, 19123, Italia	44.10624055	9.81122834323081	0.001
