114339374	Lungocenta Croce Bianca, San Martino, Albenga, SV, LIG, 17031, Italia	44.0470366	8.21536181850989	0.001
