110491061	Viale dell'Aeronautica, Finalmarina, Finale Ligure, SV, LIG, 17024, Italia	44.1694959	8.34730649417178	0.001
132600853	Via Don Giovanni Bado, Molinetto, Pietra Ligure, SV, LIG, 17027, Italia	44.1496704	8.28673574816176	0.001
2597036059	Viale della Repubblica, Arbaschi, Pietra Ligure, SV, LIG, 17027, Italia	44.15451165	8.28967444375316	0.001
