26280009	Via Vittorio Veneto, Gallardi, Ventimiglia, IM, LIG, 18039, Italia	43.7900937	7.6074666	0.001
90398488	SS1, Gallardi, Ventimiglia, IM, LIG, 18039, Italia	43.7930379	7.60510574127606	0.001
26441732	Galleria Mortola, Villa Hanbury, Ventimiglia, IM, LIG, 19039, Italia	43.7831473	7.5543786	0.001
15122772	Via Monet, Arziglia, Bordighera, IM, LIG, 18012, Italia	43.7811463	7.6702463	0.001
14361642	Via Romana, Arziglia, Bordighera, IM, LIG, 18012, Italia	43.7793079	7.6721698	0.001
86779055	Corso Europa, Arziglia, Bordighera, IM, LIG, 18012, Italia	43.7795288	7.67007105564968	0.001
44576237	Provinciale della Valle Nervia, Pigna, IM, LIG, 18037, Italia	43.9337494	7.660409	0.001
