14184357	Vico Nicolò da Corte, Municipio VII Ponente, Genova, GE, LIG, 16158, Italia	44.4300184	8.7501843	0.001
11609070	Via di Francia, Crocetta, Arenzano, GE, LIG, 16011, Italia	44.4010596	8.6818938	0.001
116118866	Piazza Alcide De Gasperi, Nastrè, Arenzano, GE, LIG, 16011, Italia	44.40301385	8.68590670686917	0.001
