18490583	Via Vittorio Veneto, Gazzo, Busalla, GE, LIG, 16012, Italia	44.5708664	8.9452292	0.001
130465070	Via Pareto, Casella, GE, LIG, 16015, Italia	44.53566115	9.00307643828125	0.001
