106863746	Via del Ricovero, Villa Hanbury, Ventimiglia, IM, LIG, 19039, Italia	43.7923504	7.56365993524203	0.001
106448386	Via M. E. Basso, Gallardi, Ventimiglia, IM, LIG, 18034, Italia	43.78882465	7.62602262441655	0.001
105853883	Via Romana, Villa Iride, Bordighera, IM, LIG, 18012, Italia	43.7832521	7.66617458364689	0.001
87751136	Ospedale Saint Charles, Via Privata Avv. Amalberti, Vallecrosia, IM, LIG, 18019, Italia	43.7852769	7.64847197160334	0.001
107255299	SP64, Dolceacqua, IM, LIG, Italia	43.8499508	7.62271934850637	0.001
108421327	SP64, Case Rebaudo, Pigna, IM, LIG, 18037, Italia	43.9302917	7.65248202123132	0.001
