86764872	Corso Lima, Sanpierdicanne, Chiavari, GE, LIG, 16043, Italia	44.3197262	9.32485378125583	0.001
125754531	Via Bachini, Cavi, Lavagna, GE, LIG, 16033, Italia	44.3148135	9.34917009795841	0.001
115869939	Via Fratelli Botto, Moneglia, GE, LIG, 19013, Italia	44.2405013	9.48801579029958	0.001
114727152	Via val di canepa, Sestri Levante, GE, LIG, 16039, Italia	44.27100275	9.39982172578867	0.001
114974509	Via val di canepa, Villa Rocche, Sestri Levante, GE, LIG, 16039, Italia	44.27073355	9.39998185	0.001
114438066	Via Terzi Arnaldo, Villa Rocche, Sestri Levante, GE, LIG, 16030, Italia	44.27542845	9.40622858641236	0.001
112289569	Strada provinciale della Valgraveglia, Olivella, Ne, GE, LIG, Italia	44.3438971	9.39661845544097	0.001
