3835488	Via Jvanoe Amoretti, Porto Maurizio, Imperia, IM, LIG, 18100, Italia	43.8915848	8.0302185	0.001
105943675	Ospedale di Imperia, Via Sant'Agata, Porto Maurizio, Imperia, IM, LIG, 18100, Italia	43.89151165	8.03096267337417	0.001
113040919	Aurelia, Cipressa, IM, LIG, 18017, Italia	43.84868985	7.95167182291667	0.001
112671484	Strada piani Paorelli, Costarainera, IM, LIG, 18017, Italia	43.85106045	7.95213876391726	0.001
110717459	Galleria San Lorenzo, Costarainera, IM, LIG, 18017, Italia	43.8507026	7.95261904009161	0.001
144283215	Ospedale, Galleria San Lorenzo, Costarainera, IM, LIG, 18017, Italia	43.85069885	7.95216538167475	0.001
106223002	SP6, Case Sottane, Pieve di Teco, IM, LIG, Italia	44.0494373	7.91633949317759	0.001
