96117230	Ospedale Civile Sanremo, Via Giovanni Borea, San Pietro, Sanremo, IM, LIG, 18038, Italia	43.8236726	7.77908842972028	0.001
105420046	Galleria Capo Nero - Villa Matutia, San Bartolomeo, Sanremo, IM, LIG, 1838, Italia	43.8048943	7.74817914529638	0.001
107177745	SS1, Poggio di Sanremo, Sanremo, IM, LIG, 18032, Italia	43.82668595	7.84014969466816	0.001
107178163	Villa Speranza, Via Carlo, San Pietro, Sanremo, IM, LIG, 18038, Italia	43.8241895	7.78666077133194	0.001
130747673	Ospedale de Carità Onlus, Galleria Levà, Pampara, Taggia, IM, LIG, 18018, Italia	43.84453075	7.85017840861542	0.001
