96917866	Ospedale S.Nicola, SP566dir, Sopramare, Levanto, SP, LIG, 19015, Italia	44.17657745	9.61952486999353	0.001
44340044	SP566dir, Sopramare, Levanto, SP, LIG, 19015, Italia	44.1766018	9.6195244	0.001
112567409	Strada Provinciale Castagnole - Framura, Foce del Prato, Framura, SP, LIG, 19011, Italia	44.2090957	9.55650563750249	0.001
