121068724	Via Guido Damele, Schiappapria, Varazze, SV, LIG, 17019, Italia	44.36065025	8.57725458132171	0.001
