128405183	Via Novano, Campo Albaro, Casarza Ligure, GE, LIG, 16030, Italia	44.2724566	9.45367877998764	0.001
