39986417	Via Aprosio, Gallardi, Ventimiglia, IM, LIG, 18039, Italia	43.7911811	7.6083057	0.001
108314551	Via Tenda, Gallardi, Ventimiglia, IM, LIG, 18039, Italia	43.7973857	7.60266090646418	0.001
130207788	Via Aprosio, Gallardi, Ventimiglia, IM, LIG, 18039, Italia	43.7915479	7.60758155219565	0.001
108385991	Mercato Coperto Municipale, Piazza Garibaldi, Arziglia, Bordighera, IM, LIG, 18012, Italia	43.7787299	7.66912045688784	0.001
105534146	Via della Posta, Villa Iride, Bordighera, IM, LIG, 18012, Italia	43.778642	7.66301275592441	0.001
106500835	Via Guglielmo Marconi, Arziglia, Bordighera, IM, LIG, 18012, Italia	43.77892475	7.66924921447888	0.001
105695942	Piazza Garibaldi, Arziglia, Bordighera, IM, LIG, 18012, Italia	43.7788707	7.66894025	0.001
14108314	Mercato coperto di Bordighera, Piazza Garibaldi, Arziglia, Bordighera, IM, LIG, 18012, Italia	43.7787599	7.6691097	0.001
