74595118	Via Campomattone, Cetta Inferiore, Triora, IM, LIG, Italia	43.9937708	7.7610997794306	0.001
106223054	SS28, Colle di Nava, Barche, Pornassio, IM, LIG, Italia	44.08905375	7.87403934362729	0.001
