18974794	Corso Roma, Sopramare, Levanto, SP, LIG, 19015, Italia	44.171636	9.6122653	0.001
107163499	Strada Provinciale del Colle di Centocroci, Trappa, Varese Ligure, SP, LIG, 19028, Italia	44.3773626	9.59550294204591	0.001
107816424	SP49, Merlotta, Varese Ligure, SP, LIG, 19028, Italia	44.3779053	9.59139115141051	0.001
112248816	Strada Comunale Airola, Parisalla, Sesta Godano, SP, LIG, Italia	44.2937201	9.67595159144144	0.001
