139510612	Strada Cascine Lunaire, Poggio di Sanremo, Sanremo, IM, LIG, 18032, Italia	43.8390783	7.82572857774177	0.001
