141465677	School, Via San Bartolomeo, Sarzana, SP, LIG, 19038, Italia	44.10906715	9.96363945	0.101
