6526075	Busalla, Piazza Luigi Malerba, Gazzo, Busalla, GE, LIG, 16012, Italia	44.5754786	8.9436592	0.18611063262914
532864	Ronco Scrivia, Via Vittorio Veneto, Balbi, Pieve, Ronco Scrivia, GE, LIG, 16019, Italia	44.6144564	8.9492897	0.13958297447186
2597410704	Piano Orizzontale dei Giovi, Via Piave, Serra Riccò, GE, LIG, 16010, Italia	44.5310914	8.9195627	0.13061965013967
106496595	Casella, Viale Europa, Casella, GE, LIG, 16015, Italia	44.53439855	8.99563335	0.001
5661363	Casella, Viale Europa, Casella, GE, LIG, 16015, Italia	44.5343598	8.9957785	0.001
5600426	Casella Deposito, Via Regiosi, Casella, GE, LIG, 16015, Italia	44.5288899	8.9949711	0.001
