509510	Chiavari, Aurelia, Sanpierdicanne, Chiavari, GE, LIG, 16043, Italia	44.3151169	9.3224788	0.325693607101
539554	Sestri Levante, Sottopasso stazione, Sestri Levante, GE, LIG, 16039, Italia	44.2762644	9.3976141	0.20436424356534
643341	Lavagna, Corso Giuseppe Mazzini, Cavi, Lavagna, GE, LIG, 16033, Italia	44.3056316	9.3463763	0.13958297447186
25685780	Riva Trigoso, Via Antonio Gramsci, Villa Rocche, Sestri Levante, GE, LIG, 16030, Italia	44.2638401	9.4291983	0.12027225158296
753952	Cavi, Via Antica Romana, Cavi, Lavagna, GE, LIG, 16033, Italia	44.2935116	9.3724997	0.093055316314571
113028967	Moneglia, Via le Amiraglio Gerolamo Bollo, Moneglia, GE, LIG, 19013, Italia	44.24224515	9.48690339765406	0.046527658157285
