19108801	Ventimiglia, Via della Stazione, Gallardi, Ventimiglia, IM, LIG, 18034, Italia	43.792458	7.6098994	0.32926765694173
105393732	Bordighera, Via Roma, Villa Iride, Bordighera, IM, LIG, 18012, Italia	43.77846925	7.66364434319892	0.13061965013967
106770612	Vallecrosia, Via Colonnello Aprosio, Vallecrosia, IM, LIG, 18033, Italia	43.7877104	7.63511408645311	0.13061965013967
106797344	Olivetta San Michele, SS20, Olivetta San Michele, IM, LIG, Italia	43.87843825	7.53515796309924	0.093055316314571
106520007	Bevera, Via Edmondo de Amicis, Case Allavena, Ventimiglia, IM, LIG, 18039, Italia	43.8252362	7.579022522749	0.046527658157285
105554170	P.M. KM 11+959, Posto di Movimento Airole, fino al 1979 Stazione di Airole, SS20, Case Noceire, Airole, IM, LIG, Italia	43.87279235	7.54657970403295	0.001
