12480123	Sanremo, Galleria Villetta, San Pietro, Sanremo, IM, LIG, 18038, Italia	43.8290376	7.7843428	0.31791837080539
106669122	Taggia-Arma, Galleria Stazione, Pampara, Taggia, IM, LIG, 18018, Italia	43.84434425	7.85535124415843	0.13958297447186
17601468	Rail Station Terminal, Via Carlo Pisacane, San Pietro, Sanremo, IM, LIG, 18038, Italia	43.82225	7.7843118	0.101
