540804	Albenga, Piazza Giacomo Matteotti, San Martino, Albenga, SV, LIG, 17031, Italia	44.0472894	8.2215848	0.17714730829695
111959156	Alassio, SP18, Vegliasco, Alassio, SV, LIG, 17021, Italia	44.0078552	8.17152010966431	0.12027225158296
646747	Loano, Via Alla Stazione, Borgo Castello, Loano, SV, LIG, 17025, Italia	44.122441	8.2544199	0.10803387666472
10611502	Ceriale, Via Aurelia, Campore, Ceriale, SV, LIG, 17023, Italia	44.098944	8.2341483	0.10803387666472
115368105	Stazione F.S., Via alla Stazione, Campore, Ceriale, SV, LIG, 17023, Italia	44.0988769	8.23428165	0.001
