7152121	Aurelia, Sanpierdicanne, Chiavari, GE, LIG, 16043, Italia	44.3153405	9.3227252	0.001
