14780329	Via Roma, Villa Iride, Bordighera, IM, LIG, 18012, Italia	43.7785279	7.6637723	0.001
