19098806	Teatro Civico, Piazza Mentana, Pegazzano, La Spezia, SP, LIG, 19121, Italia	44.1036188	9.8218535	0.21606775332943
104800055	Viale Alpi, Pegazzano, La Spezia, SP, LIG, 19122, Italia	44.1149517	9.80607859021901	0.001
