102503418	Galleria Spallanzani, Pegazzano, La Spezia, SP, LIG, 19121, Italia	44.10991255	9.82103643007951	0.001
103850768	Via Giovanni Minzoni, La Spezia, SP, LIG, 19121, Italia	44.10599095	9.82619813821826	0.001
105096687	Via dei Colli, La Spezia, SP, LIG, 19121, Italia	44.108644	9.82221506260006	0.001
95879656	Via Montepertico, La Spezia, SP, LIG, 19125, Italia	44.12481	9.84381033154844	0.001
101304907	Via Brenta, La Spezia, SP, LIG, 19125, Italia	44.1285905	9.84447279845239	0.001
