75489031	Mercato del Pesce, Via Vespri, Marsala, TP, SIC, 91025, Italia	37.7975292	12.4339450807237	0.001
