121625154	Piazza di Porta Saragozza, Malpighi, Bologna, BO, EMR, 40123, Italia	44.4908627	11.3298559675303	0.001
