10303679	Via Augusto Murri, Pontevecchio, Bologna, BO, EMR, 40137, Italia	44.473709	11.368678	0.001
2602531389	Cotabo, Via dell'Indipendenza, Marconi, Bologna, BO, EMR, 40121, Italia	44.49975815	11.3440757386064	0.001
5894248	Via Andrea Costa, Santa Viola, Bologna, BO, EMR, 40134, Italia	44.4944894	11.313724	0.001
2573307835	Piazza Malpighi, Malpighi, Bologna, BO, EMR, 40123, Italia	44.4955222	11.3367449	0.001
670998	Piazza Re Enzo, Irnerio, Bologna, BO, EMR, from 40121 to 40141, Italia	44.4945745	11.343854	0.001
2570394322	Piazza delle Medaglie d'Oro, Marconi, Bologna, BO, EMR, 40121, Italia	44.5054699	11.3426984	0.001
