18189032	Via Leonardo da Vinci, La Cinella, Perugia, PG, UMB, Italia	43.2617149	12.3924857	0.001
20322996	Via Roma, Umbertide, PG, UMB, 06019, Italia	43.3071999	12.3331779	0.001
21214961	Via della Repubblica, Umbertide, PG, UMB, 06019, Italia	43.3012193	12.3389902	0.001
20706483	Piazza Giacomo Matteotti, Umbertide, PG, UMB, 06019, Italia	43.306137	12.3271383	0.001
19904019	Viale Ruggero Greco, Umbertide, PG, UMB, 06019, Italia	43.3009928	12.3408758	0.001
20706828	Via Martiri della Libertà, Umbertide, PG, UMB, 06019, Italia	43.3036573	12.3386227	0.001
45641210	Viale Giuseppe Parini, Città di Castello, PG, UMB, 06018, Italia	43.3661896	12.2370269	0.001
16130986	Via Bartolomeo Bartocci, Città di Castello, PG, UMB, 06018, Italia	43.3692553	12.2378296	0.001
19003041	Via Guglielmo Marconi, Montone, PG, UMB, 06014, Italia	43.3638766	12.3267286	0.001
