16875311	Via Nestore, Verna, Umbertide, PG, UMB, 06019, Italia	43.3608237	12.237615	0.001
11937342	Via Giuseppe Garibaldi, Umbertide, PG, UMB, 06019, Italia	43.3020005	12.3352728	0.001
16836561	Strada Tiberina 3 bis, Umbertide, PG, UMB, 06019, Italia	43.2999323	12.3387	0.001
17166718	Via Trento, Città di Castello, PG, UMB, 06018, Italia	43.378138	12.2376579	0.001
19118352	Strada Tiberina Nord, Città di Castello, PG, UMB, 06018, Italia	43.3657467	12.267251	0.001
24755469	Strada Provinciale 105 di Trestina, Città di Castello, PG, UMB, 06018, Italia	43.3757796	12.2533372	0.001
