98534290	Via Giuseppe Garibaldi, Lisciano Niccone, PG, UMB, 06060, Italia	43.2462473	12.1433542525778	0.001
