19360208	Via Johann Gutemberg, Zona 7, Milano, MI, LOM, 20152, Italia	45.450897	9.0971704	0.001
16322672	Via Giuseppe Gianella, Zona 7, Milano, MI, LOM, 20153, Italia	45.4604051	9.0895646	0.001
19458187	Unicredit, Via Quinto Romano, Zona 7, Milano, MI, LOM, 20153, Italia	45.4630776	9.0872734	0.001
