17592564	Banca Popolare di Lodi, SP04, Mezzana Bigli, PV, LOM, 27030, Italia	45.0597435	8.8459473	0.001
