18816871	Lungo Lario Manzoni, Bellagio, CO, LOM, 22021, Italia	45.985891	9.2608656	0.001
51949735	Via Valassina, Bellagio, CO, LOM, 22021, Italia	45.9807209	9.2615836	0.001
50194384	Strada Statale 583 Lariana, Bellagio, CO, LOM, 22021, Italia	45.9771644	9.2622068	0.001
51863373	Strada Statale 583 Lariana, Cascina Bres, Lezzeno, CO, LOM, 22025, Italia	45.9464483	9.1955734	0.001
25279962	Cassa Rurale e Artigiana, Via Roma, Castello, Nesso, CO, LOM, 22020, Italia	45.9098295	9.1556232	0.001
