16500492	Via Balbi, Ospedaletto Lodigiano, LO, LOM, 26864, Italia	45.1665787	9.5809078	0.001
