48082083	Via Carlo Alberto, Lacchiarella, MI, LOM, 20084, Italia	45.3243318	9.1362879	0.001
