14660383	Banca Popolare di Sondrio, Via Case Sparse, Domaso, CO, LOM, 22013, Italia	46.1505945	9.3245394	0.001
49541590	Via Roma, Bellano, LC, LOM, 23838, Italia	46.0427613	9.3028578	0.001
47817709	Via Camillo Benso Conte di Cavour, Bellano, LC, LOM, 23838, Italia	46.0437164	9.3026942	0.001
47849143	Via Carlo Porta, Bellano, LC, LOM, 23838, Italia	46.0443028	9.3035418	0.001
14214745	Via Statale Regina, Gera Lario, CO, LOM, 23823, Italia	46.1703453	9.371246	0.001
