14548931	Mantovabanca 1896, Ciclabile Rivalta-Grazie, Curtatone, MN, LOM, 46014, Italia	45.1690123	10.6775126	0.001
15775062	Monte Paschi Siena, Via Filippo Turati, Rodigo, MN, LOM, 46014, Italia	45.1802437	10.6773306	0.001
14595045	Via Porto, Rodigo, MN, LOM, 46014, Italia	45.1803118	10.6815681	0.001
43860681	Via Vico Maggi, Borgo Virgilio, MN, LOM, 46030, Italia	45.0542252	10.6846349	0.001
