37503004	Viale Beatrice d'Este, Piccolini, Vigevano, PV, LOM, 27029, Italia	45.3231663	8.8654972	0.001
34166406	Piazza San Bernardo, Cascina Lasso, Morimondo, MI, LOM, Italia	45.3525351	8.9545764	0.001
4250760	Via Felice Lattuada, Cascina Lasso, Morimondo, MI, LOM, 20081, Italia	45.3653987	8.9564922	0.001
49966031	SS526, Besate, MI, LOM, Italia	45.3119269	8.9688149	0.001
43591664	Piazza Del Popolo, Ozzero, MI, LOM, 20081, Italia	45.3665101	8.926046	0.001
44520880	Via 1° Maggio, Ozzero, MI, LOM, 20081, Italia	45.3690815	8.9241334	0.001
46116546	Via Pavese, Ozzero, MI, LOM, 20081, Italia	45.3664748	8.9258464	0.001
46849295	Via Luigi Cagnola, Ozzero, MI, LOM, 20081, Italia	45.3662803	8.9243419	0.001
