14949776	Brembiolo, Ducatona, Casalpusterlengo, LO, LOM, 26841, Italia	45.1767422	9.6510552	0.001
15813970	Piazza della Repubblica, Ducatona, Casalpusterlengo, LO, LOM, 26841, Italia	45.1775879	9.6498977	0.001
16590371	Via Raffaello, Somaglia, LO, LOM, 26841, Italia	45.1534331	9.6312096	0.001
51833420	Via Ada Negri, Cascinazza, Meleti, LO, LOM, 26843, Italia	45.1180885	9.8384125	0.001
51514076	Via Dossino, Cascinazza, Meleti, LO, LOM, 26843, Italia	45.1192304	9.8371928	0.001
