12737590	Via Luigi Calori, Locate di Triulzi, MI, LOM, 20085, Italia	45.3601531	9.2241046	0.001
