13344120	Via Vecchio Ponte, Pieve di Coriano, MN, LOM, 46020, Italia	45.0410028	11.1033309	0.001
