10117849	Via delle Forze Armate, Zona 7, Milano, MI, LOM, 20152, Italia	45.4602021	9.0961647	0.001
37609375	Via Budrio, Zona 7, Milano, MI, LOM, 20019, Italia	45.4668252	9.081603	0.001
43883448	Via delle Forze Armate, Zona 7, Milano, MI, LOM, 20153, Italia	45.4607823	9.0924991	0.001
36536087	Via Don Giuseppe Gervasini, Zona 7, Milano, MI, LOM, 20019, Italia	45.4664753	9.0814313	0.001
35818725	Piazza Don Lorenzo Milani, Settimo Milanese, MI, LOM, 20019, Italia	45.4734147	9.0669438	0.001
