46533591	Via Adolfo Ferrata, Cravino, Pavia, PV, LOM, 27100, Italia	45.2026442	9.1369947	0.001
93976580	Strada Cascinazza, Cravino, Pavia, PV, LOM, 27100, Italia	45.20453095	9.13821066342538	0.001
22265043	Tangenziale Ovest di Milano, Pontesesto, Rozzano, MI, LOM, 20089, Italia	45.3914325	9.1893177	0.001
10983102	26, Via Samperone, Certosa di Pavia, PV, LOM, 27012, Italia	45.2318981	9.1245871	0.001
10224108	Via Principale, Certosa di Pavia, PV, LOM, 27012, Italia	45.2608834	9.119537	0.001
129665189	Bar Il Ritrovo, 26, Via Samperone, Certosa di Pavia, PV, LOM, 27012, Italia	45.2319151	9.12452571113809	0.001
