47269598	Via Castolda, Geromina, Treviglio, BG, LOM, 24047, Italia	45.5187751	9.6071524	0.001
118315944	Strada Provinciale Francesca, Spirano, BG, LOM, 24055, Italia	45.5930118	9.6701199094908	0.001
39152272	Via Cremona, Antegnate, BG, LOM, 24051, Italia	45.4814062	9.7911999	0.001
145154689	Autolavaggio Fratelli Nava, Via Roma, Isso, BG, LOM, 24051, Italia	45.4772484	9.7539661	0.001
5945486	Via Duca d'Aosta, Romano di Lombardia, BG, LOM, 24058, Italia	45.5296208	9.7567919	0.001
43819792	Vicolo Settembrini, Romano di Lombardia, BG, LOM, 24058, Italia	45.5272856	9.7605892	0.001
