44324246	Via Dario Niccodemi, Zona 8, Milano, MI, LOM, 20156, Italia	45.4938678	9.1449344	0.001
3731546	Via Valenza, Tortona, Zona 6, Milano, MI, LOM, 20144, Italia	45.4515768	9.1688442	0.001
10209414	Viale Achille Papa, Zona 8, Milano, MI, LOM, 20156, Italia	45.4911445	9.1438902	0.001
51053568	Via privata Nicolò Alunno, Zona 7, Milano, MI, LOM, 20147, Italia	45.4633768	9.1339797	0.001
52000088	Via Pier Alessandro Paravia, Zona 7, Milano, MI, LOM, 20147, Italia	45.4693633	9.1271629	0.001
50382888	Via Pietro Rubens, Zona 7, Milano, MI, LOM, 20146, Italia	45.4676785	9.1420702	0.001
48572372	Via Rembrandt, Zona 7, Milano, MI, LOM, 20147, Italia	45.4670892	9.1364079	0.001
