46642660	Via Isola Rota, Pieve Fissiraga, LO, LOM, 26854, Italia	45.2772177	9.4574801	0.001
17438891	Via Bocconi, Pieve Fissiraga, LO, LOM, 26854, Italia	45.2769987	9.4577209	0.001
