48644617	Via Milano, Incrociatello, Cremona, CR, LOM, 26100, Italia	45.1429991	10.000072	0.001
