18867129	E-VAI, Piazza Papa Giovanni XXIII, Magenta, MI, LOM, 20013, Italia	45.4679882	8.8810881	0.001
126827880	E-VAI, Via San Martino, Magenta, MI, LOM, 20013, Italia	45.46422725	8.88177205	0.001
