2599685097	SP412, Casa Sabbioni, Pieve Porto Morone, PV, LOM, Italia	45.1080253	9.4498869	0.001
