119563326	Autolavaggio di Pesenti Massimo, SS412, Villanterio, PV, LOM, 26866, Italia	45.2112762	9.36798625	0.001
25151565	SPexSS412, Torrevecchia Pia, PV, LOM, 27010, Italia	45.2893287	9.289412	0.001
45677202	SP17, Cerro al Lambro, MI, LOM, 20077, Italia	45.344975	9.3264595	0.001
