125856474	Lario, Via Silvio Pellico, Vignascia, Como, CO, LOM, 22026, Italia	45.83562025	9.06788076821359	0.001
22510275	SP639, Malgrate, LC, LOM, 23868, Italia	45.8494903	9.3761107	0.001
22084782	Via San Leonardo, Malgrate, LC, LOM, 23868, Italia	45.8487766	9.3725327	0.001
