53614063	Via Cristoforo Colombo, Lazzago, Como, CO, LOM, 22079, Italia	45.7864646	9.053254	0.001
142167774	Via Varesina, Lazzago, Como, CO, LOM, 22079, Italia	45.787247	9.05084680647195	0.001
43358569	Strada Provinciale 233 Varesina, Saronno, VA, LOM, 21047, Italia	45.6169737	9.0196308	0.001
82367826	Autolavaggio, SP34, Cantù, CO, LOM, 22063, Italia	45.72933285	9.10808974662053	0.001
81946832	Autolavaggio Self-Service, Corso Europa, Cantù, CO, LOM, 22063, Italia	45.7294352	9.10909001177434	0.001
126756959	Via Europa Unita, Cermenate, CO, LOM, 22072, Italia	45.69379525	9.07056689018793	0.001
103698402	Autolavaggio, Via Giacomo Matteotti, Cermenate, CO, LOM, 22072, Italia	45.70093205	9.07666473690042	0.001
69107938	Autolavaggio, Via Europa Unita, Cermenate, CO, LOM, 22072, Italia	45.696454	9.08943015189874	0.001
18708739	Via Milano, Bregnano, CO, LOM, 22974, Italia	45.6864268	9.0547305	0.001
74827483	Via Milano, Bregnano, CO, LOM, 22974, Italia	45.6865768	9.05478775577408	0.001
19782863	Via Vittorio Veneto, Carugo, CO, LOM, 22066, Italia	45.7137705	9.1891833	0.001
48787003	Via Richard Wagner, Ceredo, Seregno, MB, LOM, 20831, Italia	45.6562955	9.1845488	0.001
40579869	19, Viale Monza, Sovico, MB, LOM, 20845, Italia	45.6506204	9.2584838	0.001
14138110	Autolavaggio Stella, Corso della Vittoria, Caronno Pertusella, VA, LOM, 21047, Italia	45.6100142	9.0376842	0.001
96973548	Elefantino Blu, Via Val Mulini, Fino Mornasco, CO, LOM, 22073, Italia	45.7425646	9.06305778507766	0.001
99491158	Via S.S. dei Giovi, Fino Mornasco, CO, LOM, 22073, Italia	45.7375299	9.05463995	0.001
124694501	Via Adda, Fino Mornasco, CO, LOM, 22073, Italia	45.7565467	9.05221437487886	0.001
123578292	Strada Statale dei Giovi, Vertemate con Minoprio, CO, LOM, 22073, Italia	45.72377095	9.07003649355355	0.001
47774886	Autoclinic, 1, Via Adria, Meda, MB, LOM, 20821, Italia	45.6517805	9.1715989	0.001
133807689	Autolavaggio Spa Auto, Viale Brianza, Carate Brianza, MB, LOM, 20841, Italia	45.66700725	9.22633524409695	0.001
22505391	Via del Popolo, Copreno di Lentate sul Seveso, Lentate sul Seveso, MB, LOM, 20030, Italia	45.685642	9.1102792	0.001
