16536842	Via Vigentina, Torretta, Pavia, PV, LOM, 27100, Italia	45.2031597	9.1701262	0.001
16761544	SP33, Casorate Primo, PV, LOM, Italia	45.3104488	9.0080511	0.001
