76663784	Via Filippo Corridoni, Redona, Bergamo, BG, LOM, 24124, Italia	45.70797525	9.6929430871451	0.001
85508206	Cucciolo, Via Martinella, Redona, Bergamo, BG, LOM, 24125, Italia	45.7110979	9.70157665000001	0.001
3506215	Via Giovanni Finazzi, San Tommaso, Bergamo, BG, LOM, 24127, Italia	45.6873003	9.6503883	0.001
8603908	Circonvallazione Mugazzone, Boccaleone, Bergamo, BG, LOM, 24126, Italia	45.6864721	9.685105	0.001
8459548	Via Giosuè Carducci, Loreto, Bergamo, BG, LOM, 24128, Italia	45.6895698	9.6474019	0.001
94963889	Via Cesare Correnti, Redona, Bergamo, BG, LOM, 24125, Italia	45.70687775	9.69998736209207	0.001
15719084	Corso Roma, Seriate, BG, LOM, 24125, Italia	45.6824924	9.7036716	0.001
