107489511	Viale Learco Guerra, Valletta Valsecchi, Mantova, MN, LOM, 46100, Italia	45.13531385	10.8011093784882	0.001
22914727	Piazzale Cesare Beccaria, Lunetta, Mantova, MN, LOM, 46047, Italia	45.1687606	10.8260474	0.001
