49174523	Strada Provinciale 11 Padana Superiore, Inzago, MI, LOM, 20065, Italia	45.5351912	9.4866281	0.001
115631085	Service Car Inzago, Strada Provinciale 11 Padana Superiore, Inzago, MI, LOM, 20065, Italia	45.534896	9.48724057697105	0.001
47035019	Via Gaetano Donizetti, Basiano, MI, LOM, 20060, Italia	45.5799948	9.4617546	0.001
48713100	Via Martin Luther King, Liscate, MI, LOM, 20660, Italia	45.4680871	9.4132905	0.001
16622023	Via della Gandina, Trezzano Rosa, MI, LOM, 20060, Italia	45.5810227	9.4793121	0.001
