2601324054	Casino del Roccolo, Botticino, BS, LOM, Italia	45.5434551	10.3410858	0.35
2601435066	Valle del Casino, Botticino, BS, LOM, Italia	45.5683393	10.3302503	0.35
75464209	Casino Basso, Castenedolo, BS, LOM, 25129, Italia	45.46674175	10.2693672168831	0.3
69777103	Casino Alto, Castenedolo, BS, LOM, 25129, Italia	45.4655195	10.2702314635	0.3
72869187	Via del Casino Alto, Castenedolo, BS, LOM, 25129, Italia	45.4653489	10.2691083	0.2
