10931254	Cascine Casino e Belvedere, BG, LOM, Italia	45.6082361	9.7349344	0.375
