14001688	Multisala OZ, 12, Via Sorbanella, Centro Commerciale CampoGrande, Circoscrizione Brescia Sud, Brescia, BS, LOM, 25125, Italia	45.5233788	10.1778353	0.001
21194296	Via Rodolfo Vantini, Rovato, BS, LOM, 25038, Italia	45.5655628	9.9994181	0.001
82776350	Astra, Via Padana Superiore, Ospitaletto, BS, LOM, 25035, Italia	45.5545415	10.0824967763474	0.001
126423249	Via Castello, Roncadelle, BS, LOM, 25132, Italia	45.5259013	10.1484712589743	0.001
101253219	Via Roma, Poncarale, BS, LOM, 25021, Italia	45.46061225	10.174468808605	0.001
24500414	Viale Memoria, Bagnolo Mella, BS, LOM, 25021, Italia	45.42894	10.1775297	0.001
