102362694	Cinema Teatro Jolly, Via Don Carlo Gnocchi, Olginate, LC, LOM, 23808, Italia	45.8001892	9.41257396065645	0.101
139995030	Cinema Teatro Excelsior, Via Armando Diaz, Erba, CO, LOM, 22036, Italia	45.80953825	9.22459061773845	0.101
123743421	Astra, 3, Viale Giulio Cesare, Camerlata, Como, CO, LOM, 22100, Italia	45.8023438	9.08694808148658	0.001
