2598139976	The Space Cinema, Via Torri Bianche, Quartiere Torri Bianche, Vimercate, MB, LOM, 20871, Italia	45.60098905	9.35887162523279	0.101
107007824	Cinema oratorio, Via Roma, Bellusco, MB, LOM, 20882, Italia	45.61949595	9.41949222424596	0.101
127605354	Movie Planet Cinema, Via Berlinguer, Centro Commerciale Il Globo, Cornate d'Adda, MB, LOM, 20872, Italia	45.6231171	9.47513999705121	0.101
93503795	Nuovo, Via San Gregorio, Bernate, Arcore, MB, LOM, 20862, Italia	45.6300089	9.32518162447813	0.001
104802970	Sala Cine-Teatro don Giuseppe Sironi, 6, Via Gorizia, Osnago, LC, LOM, 23875, Italia	45.67547755	9.39153981107555	0.001
2597697916	Via Eugenio Curiel, Mezzago, MB, LOM, 20882, Italia	45.6310353	9.44216976237407	0.001
103852656	Cine Teatro Ars, 14, Piazza San Giorgio, Cornate d'Adda, MB, LOM, 20872, Italia	45.6496405	9.46507300773356	0.001
