4721083	Cinema del Viale, Viale delle Rimembranze, Lodi, LO, LOM, 26900, Italia	45.3084714	9.5042916	0.101
48390389	Fanfulla, Viale Pavia, Lodi, LO, LOM, 26900, Italia	45.3082834	9.4975483	0.001
47671382	Moderno, Corso Adda, Lodi, LO, LOM, 26900, Italia	45.3168689	9.5067705	0.001
18284987	Cinelandia, Via Isola Rota, Pieve Fissiraga, LO, LOM, 26854, Italia	45.2764474	9.4570112	0.001
