42528795	RSA Cadeo, 13, Viale Pietro Cadeo, Chiari, BS, LOM, 25032, Italia	45.533865	9.9269985	0.001
129569047	Poliambulatorio, 6, Viale Mellino Mellini, Chiari, BS, LOM, 25032, Italia	45.5382412	9.93276034738069	0.001
