96923917	Via Andrea Stoppani, Monti di Pastura, Menaggio, CO, LOM, 22017, Italia	46.0220441	9.24013340752819	0.001
