144778175	Civica Scuola di Musica, 54, Via don Carlo Buttafava, Casatenovo, LC, LOM, 23880, Italia	45.69058195	9.32551622807503	0.001
35190722	Campus La Camilla, 267, Via Dante Alighieri, Concorezzo, MB, LOM, 20863, Italia	45.5995469	9.3529633	0.001
68056929	SP177, Celana, Caprino Bergamasco, BG, LOM, 24034, Italia	45.7506859	9.49359643804443	0.001
