106872341	Via Borgo Palazzo, Celadina, Bergamo, BG, LOM, 24125, Italia	45.6939492	9.6959972	0.001
