5522874	IPS L. Einaudi, Via Pergolesi, Lodi, LO, LOM, 26900, Italia	45.299485	9.5187843	0.001
