111417419	Pretura di Gallarate, 21, Viale Milano, Centro, Gallarate, VA, LOM, 21013, Italia	45.6567943	8.79989676754808	0.001
