85411886	Tribunale di Clusone, Via Gusmini, Clusone, BG, LOM, 24023, Italia	45.888736	9.94953663417443	0.001
