47016751	Via Rinaldo Paladini, Casirate d'Adda, BG, LOM, 24047, Italia	45.4935445	9.5671943	0.001
