8152950	dr. ragnoli, Via Roma, Madignano, CR, LOM, 26020, Italia	45.3453736	9.7247638	0.001
8439688	5, Piazza Portici, Madignano, CR, LOM, 26020, Italia	45.3448885	9.7256906	0.001
