8119706	Guardia Medica, SP BS 572, Manerba del Garda, BS, LOM, 25010, Italia	45.5474754	10.5315247	0.001
