39567657	Ambulatorio Medico, 9-11, Via Antonio Valcarenghi, Azzanello, CR, LOM, 26010, Italia	45.3120498	9.9217912	0.001
114882037	Via Vallicella, San Bassano, CR, LOM, Italia	45.24411345	9.81005223165771	0.001
