23294962	Via de Poli, San Bassano, CR, LOM, Italia	45.2445692	9.8091709	0.001
