135699495	Piazza Roma, Centro Storico, Cremona, CR, LOM, 26100, Italia	45.13557865	10.02332115	0.001
