116268789	Piazza Alpini, Villaggio Valverde, Travagliato, BS, LOM, 25039, Italia	45.5225053	10.09236615	0.001
77925013	Via Libertà, Passirano, BS, LOM, 25100, Italia	45.5985086	10.0644805	0.001
122683702	Via Giorgio Amendola, Roncadelle, BS, LOM, 25132, Italia	45.5251625	10.1501662046216	0.001
4072983	Piazza San Lorenzo, Villaggio Trebeschi, Gussago, BS, LOM, 25064, Italia	45.5943215	10.15316	0.001
20080760	Via Martiri della Libertà, Lograto, BS, LOM, 25039, Italia	45.4840729	10.0578093	0.001
20981472	Via Antonio Fratti, Lograto, BS, LOM, 25039, Italia	45.4822769	10.055229	0.001
100442258	Via Roma, Dello, BS, LOM, Italia	45.4181287	10.0747328268817	0.001
44215467	Via Kennedy, Paderno Franciacorta, BS, LOM, 25100, Italia	45.5827232	10.0760488	0.001
13795337	Fontanile di Via Trento, Via Trento, Paderno Franciacorta, BS, LOM, 25100, Italia	45.5865993	10.0796888	0.001
