4119268	Piazza Patrioti, Bereguardo, PV, LOM, 27021, Italia	45.2580871	9.0275471	0.001
45282101	Piazza dei Caduti, Trovo, PV, LOM, 27021, Italia	45.2823224	9.0350109	0.001
18421602	Via Alessandro Manzoni, Basiglio, MI, LOM, 20089, Italia	45.3590899	9.158764	0.001
100536822	Via Alessandro Manzoni, Basiglio, MI, LOM, 20089, Italia	45.36169805	9.15851392227766	0.001
