15612253	Piazza Anita Garibaldi, Zona 7, Milano, MI, LOM, 20153, Italia	45.4631442	9.0877174	0.001
