141942398	Via Arcipretura, Cascina Gattera, Cervesina, PV, LOM, Italia	45.04754125	9.00480364639016	0.001
141763699	Via Ferraris, Cascina Delfina, Pizzale, PV, LOM, Italia	45.03610075	9.0481286751548	0.001
