43237528	GYM TONIK, Corso Sempione, Legnano, MI, LOM, 20025, Italia	45.5957082	8.9254575	0.101
