51048472	Body Life, Via Enrico Toti, Carugo, CO, LOM, 20833, Italia	45.7070889	9.1974675	0.001
