96665764	Ospedale di Melzo, Via Luigi Maffia, Melzo, MI, LOM, 20060, Italia	45.5081604	9.42629516071059	0.001
41095688	Piazza Castello, Agnadello, CR, LOM, 26025, Italia	45.4449991	9.5584888	0.001
92522242	Via Banfi, Ornago, MB, LOM, 20876, Italia	45.5921255	9.4311224422196	0.001
97196194	Ospedale Serbelloni - Gorgonzola, 1, Via Vincenzo Bellini, Gorgonzola, MI, LOM, 20064, Italia	45.53391115	9.41274645848923	0.001
64995958	Ospedale di Vaprio d'Adda, Via Alzaia Sud, Vaprio d'Adda, MI, LOM, 24045, Italia	45.57328205	9.52763077838585	0.001
101458307	Azienda Ospedaliera Zappatoni, Via Trieste, Cassano d'Adda, MI, LOM, 20062, Italia	45.52265135	9.51640788283116	0.001
100920830	Via Trieste, Cassano d'Adda, MI, LOM, 20062, Italia	45.523035	9.51595281032479	0.001
8225408	Via Trieste, Cassano d'Adda, MI, LOM, 20062, Italia	45.5227481	9.5162469	0.001
26906111	Ospedale di Rivolta d'Adda, Viale Monte Grappa, Località Rancata, Rivolta d'Adda, CR, LOM, 26027, Italia	45.4692407	9.5149233	0.001
