2597006026	Azienda Ospedaliera Carlo Poma, SS12, Pieve di Coriano, MN, LOM, 46020, Italia	45.0344706	11.115873217296	0.001
