15386315	Biblioteca Comunale, Via Porto, Rodigo, MN, LOM, 46014, Italia	45.1799715	10.6816539	0.001
