7480305	Pellicano, Via Giacomo Leopardi, Parabiago, MI, LOM, 20015, Italia	45.561625	8.943726	0.001
132250656	Via Galileo Ferraris, Villa Cortese, MI, LOM, 20010, Italia	45.56588815	8.88547293386804	0.001
134795819	Area mercato, Via Alessandro Manzoni, Santo Stefano Ticino, MI, LOM, 20011, Italia	45.4859413	8.91765129477943	0.001
