103685331	Piazza Mercato, Via Edoardo Ferioli, Saronno, VA, LOM, 21047, Italia	45.6286812	9.02643086025756	0.001
76943177	Via Ippolito Nievo, Lomazzo, CO, LOM, 22074, Italia	45.69803715	9.0432995926571	0.001
15594750	Mercato del sabato, Piazza Linate 8 Ottobre 2001, Sant'Ambrogio, Seregno, MB, LOM, 20038, Italia	45.644013	9.2074365	0.001
18609060	Via Sant'Ambrogio, Mariano Comense, CO, LOM, 22066, Italia	45.69111	9.1888384	0.001
