5934370	Via Albert Einstein, Colognola, Bergamo, BG, LOM, 24126, Italia	45.6716064	9.6654042	0.001
79593746	Piazzale Sant'Antonio di Padova, Valtesse, Bergamo, BG, LOM, 24123, Italia	45.7166474	9.66229950043104	0.001
19845811	Piazza Matteotti, Seriate, BG, LOM, 24068, Italia	45.6811684	9.7180292	0.001
16521227	Via Don Pezzotta, Scanzorosciate, BG, LOM, 24066, Italia	45.7081504	9.7405079	0.001
6055626	Via Guglielmo Marconi, Curno, BG, LOM, 24035, Italia	45.6908197	9.6110629	0.001
5710957	Piazzale brigata alpina Orobica, Azzano San Paolo, BG, LOM, 24052, Italia	45.6593797	9.6744133	0.001
