51973275	Via Voglia, Magnacavallo, MN, LOM, Italia	45.0061258	11.1826759	0.001
