113604067	Carabinieri, Via Macallè, Crema Nuova, Crema, CR, LOM, 26010, Italia	45.35252095	9.68295691032721	0.001
1407632	Polizia Stradale, Via Macallè, Crema Nuova, Crema, CR, LOM, 26013, Italia	45.3571392	9.6808869	0.001
113677759	Polizia Municipale, Piazzale Croce Rossa, Crema Nuova, Crema, CR, LOM, 26013, Italia	45.3534674	9.6909073567988	0.001
8380277	Via Libertà, Madignano, CR, LOM, 26020, Italia	45.3444284	9.7253283	0.001
100441261	Via Sgazzini, Castelleone, CR, LOM, 26012, Italia	45.2974831	9.75891067976589	0.001
114552041	Carabinieri, Via Giovanni Bonomi, Bagnolo Cremasco, CR, LOM, Italia	45.36261205	9.61802132901576	0.001
