144375723	Via Cesare Beccaria, Pescarenico, Lecco, LC, LOM, 23900, Italia	45.84494935	9.40213860697165	0.001
