88256251	Crazy Wave Pub, Via Case Sparse, Domaso, CO, LOM, 22013, Italia	46.1509776	9.33269528508037	0.101
35558883	Via Molini, Mulino Chioderia, Grandola ed Uniti, CO, LOM, 22017, Italia	46.0315862	9.2091883	0.001
1249406	Bar St. Anna, Campo Faido, Livo, CO, LOM, 22015, Italia	46.1684612	9.3036188	0.001
