46857262	Via Matteotti, Soresina, CR, LOM, Italia	45.2839393	9.8569163	0.001
18148983	Saragat, SPexSS235, Soncino, CR, LOM, 26029, Italia	45.3874857	9.8522359	0.001
97596241	Chalet Oasi, Via Cairoli, Azzanello, CR, LOM, Italia	45.32833085	9.92457909657905	0.001
47609294	Bar trattoria del Cervo, SPexSS235, Ticengo, CR, LOM, Italia	45.37057	9.8268424	0.001
23631549	La Gatta Ubriaca, 2, via Padovani, Quinzano d'Oglio, BS, LOM, 26020, Italia	45.2939852	9.9760315	0.001
35955668	Trattoria del Sole, Via 24 maggio, Borgo San Giacomo, BS, LOM, Italia	45.3681984	9.9790496	0.001
