24029161	Scuola primaria e media, Via de Poli, San Bassano, CR, LOM, Italia	45.2444115	9.8076115	0.001
113752342	Via Nonzola, San Bassano, CR, LOM, Italia	45.2445427	9.80747079805343	0.001
