535670	Pavia, Piazzale Stazione, Ticinello, Pavia, PV, LOM, 27100, Italia	45.1887347	9.144643	0.33074299592768
5706895	Stradella, Via I° maggio, Stradella, PV, LOM, 27049, Italia	45.0794521	9.3008556	0.154561534822
6058939	Broni, Via Contardo Ferrini, Cascina Edri, Broni, PV, LOM, 27043, Italia	45.0662911	9.2588486	0.13958297447186
5975516	Pinarolo Po, Via Monte Grappa, Pinarolo Po, PV, LOM, 27040, Italia	45.0734118	9.1702786	0.12027225158296
2602397143	Motta San Damiano, Via Motta San Damiano, Case Nuove Marocco, Pavia, PV, LOM, 27100, Italia	45.1782753	9.2199828	0.07374459342567
5749060	Barbianello, Via Indipendenza, Casa Fagioli, Barbianello, PV, LOM, 27046, Italia	45.0721884	9.2055053	0.046527658157285
