4119352	Certosa di Pavia, Via Giuseppe Verdi, Giussago, PV, LOM, 27012, Italia	45.2564987	9.154335	0.20108919297929
