85651146	Lierna, Via Ducale, Alpe Mezzedo, Lierna, LC, LOM, 23826, Italia	45.96090255	9.30282157405762	0.001
123507863	Mandello del Lario, SP72, Zena, Sonvico, Mandello del Lario, LC, LOM, 23826, Italia	45.9150962	9.32189235	0.001
