3951913	Caravaggio, Via Fontanili, Zona artigianale, Caravaggio, BG, LOM, 24043, Italia	45.4911624	9.6377341	0.154561534822
18706693	Vidalengo, Via Vidalengo;SP121, Quartiere San Pietro, Caravaggio, BG, LOM, 24043, Italia	45.5178196	9.6397511	0.13061965013967
3992310	Casaletto Vaprio, CR, LOM, Italia	45.4086664	9.6317619	0.13061965013967
3949193	Capralba, CR, LOM, Italia	45.4435175	9.6399545	0.12027225158296
974923	Romano, Via Fratelli Cairoli, Romano di Lombardia, BG, LOM, 24058, Italia	45.5237895	9.7534361	0.001
