68686005	Palazzolo sull'Oglio, Via Lagorio, Sacro Cuore, Palazzolo sull'Oglio, BS, LOM, 25036, Italia	45.602328	9.89492078112459	0.16095925177046
938927	Coccaglio, Via Giacomo Matteotti, Coccaglio, BS, LOM, 25038, Italia	45.5610543	9.9774539	0.13061965013967
16089196	Chiari, Via Consorzio Agrario, Chiari, BS, LOM, 25032, Italia	45.5400559	9.9264716	0.001
