535670	Pavia, Piazzale Stazione, Ticinello, Pavia, PV, LOM, 27100, Italia	45.1887347	9.144643	0.33074299592768
