49539925	Cremona, Piazza Della Stazione, Sant'Ambrogio, Cremona, CR, LOM, 26100, Italia	45.1431528	10.0180903	0.33543898169688
