3930478	Garlasco, Via Monte Rosa, Ca' Bella, Garlasco, PV, LOM, 27026, Italia	45.1989544	8.9268803	0.12027225158296
3370083	Vigevano, Piazza Quattro Novembre, Piccolini, Vigevano, PV, LOM, 27029, Italia	45.3127095	8.8620394	0.093055316314571
