4199900	Crema, Piazzale Martiri della Libertà, Crema Nuova, Crema, CR, LOM, 26013, Italia	45.3668722	9.6942011	0.10803387666472
4188561	Castelleone, Via Stazione, Castelleone, CR, LOM, 26012, Italia	45.3018447	9.7677689	0.10803387666472
