107505523	Music Factory, 5, Via Guido Rossa, Magenta, MI, LOM, 20013, Italia	45.45530525	8.8895342	0.001
