37677166	Espansione TV, Via Sant'Abbondio, Camerlata, Como, CO, LOM, 22100, Italia	45.8033237	9.0820968	0.001
83655196	Espansione TV, Viale Innocenzo XI, Camerlata, Como, CO, LOM, 22100, Italia	45.803733	9.08039953546336	0.001
133186360	Radio Maria, 12, Via Milano, Erba, CO, LOM, 22036, Italia	45.8071915	9.23338685303581	0.001
