27224287	Piazza Giosuè Carducci, Centro, Monza, MB, LOM, 20900, Italia	45.5845984	9.2738948	0.001
113873924	Via Enrico Arosio, Molinetto, San Carlo, Monza, MB, LOM, 20900, Italia	45.57778265	9.2724978731794	0.001
