132402114	Via IV Novembre, Tavazzano con Villavesco, LO, LOM, 26838, Italia	45.3301227	9.40636911138663	0.001
