119897469	Filodrammatici, Viale del Partigiano, Geromina, Treviglio, BG, LOM, 24047, Italia	45.52242415	9.5908082	0.07374459342567
702624	Teatro Trivulzio, 1, Piazza Risorgimento, Melzo, MI, LOM, 20066, Italia	45.5001787	9.4225019	0.001
18596448	Via Pila, Cassano d'Adda, MI, LOM, 20062, Italia	45.5236189	9.5204464	0.001
