122908981	Teatro Ponchielli, 52, Corso Vittorio Emanuele II, Centro Storico, Cremona, CR, LOM, 26100, Italia	45.13218345	10.0190996578634	0.27594331946278
