66623126	Teatro Donizetti, Piazza Camillo Cavour, Malpensata, Bergamo, BG, LOM, 24121, Italia	45.6950926	9.67108045512262	0.27916594894371
78119327	Teatro Sociale, Via Bartolomeo Colleoni, Città Alta, Bergamo, BG, LOM, 24100, Italia	45.70435175	9.66238622284073	0.046527658157285
74427109	Pala CreBerg, Piazzale Walter Bonatti, Celadina, Bergamo, BG, LOM, 24125, Italia	45.69608455	9.69793275	0.001
75034388	Auditorium, Via Monte Nero, Città Alta, Bergamo, BG, LOM, 24100, Italia	45.6973594	9.66850594040995	0.001
