104659569	San Domenico- Ex Chiesa 1463 1471, Piazza Trento e Trieste, Crema Nuova, Crema, CR, LOM, 26013, Italia	45.36207385	9.68775984333652	0.093055316314571
