22212417	Strada Provinciale 238 Ex SS433 Valdaso, Petritoli, FM, MAR, 63048, Italia	43.0237885	13.6167251	0.001
694009	Via XXV Aprile, Monte Urano, FM, MAR, 63015, Italia	43.178818	13.6776128	0.001
