5870495	Banca delle Marche, Via Ugo Bassi, Senigallia, AN, MAR, 60019, Italia	43.7139484	13.2261595	0.001
40776649	Viale dei Gerani, Senigallia, AN, MAR, 60019, Italia	43.7081101	13.2258485	0.001
