18171027	Viale Guglielmo Marconi, Pesaro, PU, MAR, 61121, Italia	43.9159997	12.914302	0.001
20050724	Via Giovanni Branca, Pesaro, PU, MAR, 61121, Italia	43.9076897	12.9098167	0.001
6895919	Via Pompilio Fastiggi, Pesaro, PU, MAR, 61122, Italia	43.8833893	12.8715168	0.001
20420081	Banca Toscana, Via Giovanni Giolitti, Pesaro, PU, MAR, 61121, Italia	43.8963125	12.9082879	0.001
19158591	Banca Marche, Via Filippo Ronconi, Pesaro, PU, MAR, 61121, Italia	43.9019057	12.9083254	0.001
