49313247	Astor Bar, Via 4 Novembre, Fossombrone, PU, MAR, Italia	43.6854236	12.8030194	0.101
49839360	Baribal, Via Insorti Ungheresi, Acqualagna, PU, MAR, 61041, Italia	43.6210139	12.6725532	0.101
17727619	Via Luciano Laurana, Urbino, PU, MAR, 61029, Italia	43.7221334	12.6386873	0.001
14827886	Borgo Mercatale, Urbino, PU, MAR, 61029, Italia	43.7243065	12.6341116	0.001
49879488	Attimo Divino, Piazza Mattei, Acqualagna, PU, MAR, 61041, Italia	43.6170373	12.6707964	0.001
51125700	AREA 51, Via Pitino Mergente, Acqualagna, PU, MAR, 61110, Italia	43.6134418	12.6318493	0.001
5972010	Piazza Garibaldi, Fermignano, PU, MAR, 61029, Italia	43.6770859	12.6454096	0.001
4740938	Via Camillo Benso conte Cavour, Fermignano, PU, MAR, 61029, Italia	43.6895752	12.6423446	0.001
