6268675	Panoramica Adriatica, Pesaro, PU, MAR, 61121, Italia	43.9180158	12.8935106	0.001
17750969	Via Volontari del Sangue, Pesaro, PU, MAR, 61121, Italia	43.8924039	12.8974814	0.001
19459638	Via Alfredo Casella, Zona Industriale Bellocchi, Fano, PU, MAR, 61032, Italia	43.7973931	12.9942662	0.001
