23861798	Piazza Cavallotti, Caldarola, MC, MAR, 62020, Italia	43.1376109	13.224927	0.001
51055241	Via Nuova del molino, Colmurano, MC, MAR, Italia	43.1632774	13.3567888	0.001
