17663583	Strada Provinciale Apirese, Apiro, MC, MAR, 60034, Italia	43.3859829	13.133241	0.001
