38907028	Caffè, 13, Piazza della Repubblica, Urbino, PU, MAR, 61029, Italia	43.7262436	12.6366383	0.001
17113417	Via dei Maceri, Urbino, PU, MAR, 61029, Italia	43.7274033	12.6338078	0.001
16929172	Via Raffaello, Urbino, PU, MAR, 61029, Italia	43.7278948	12.6342974	0.001
17727311	Caffe dell'Accademia, Via Raffaello, Urbino, PU, MAR, 61029, Italia	43.728006	12.6340701	0.001
128575215	Osteria  Da Centomn, Via Furlo, Acqualagna, PU, MAR, 61041, Italia	43.63647565	12.7109728715317	0.001
4611129	Bar Furlo, Via Furlo, Acqualagna, PU, MAR, 61041, Italia	43.6385706	12.7133974	0.001
5760802	Piazza C. Giorgiani, Fermignano, PU, MAR, 61029, Italia	43.6756083	12.6461837	0.001
