19037144	Bacillieri gelateria, Piazza Europa, Pesaro, PU, MAR, 61121, Italia	43.9213341	12.9009695	0.001
14942462	Autostrada Adriatica, Pesaro, PU, MAR, 61122, Italia	43.8937617	12.87942	0.001
14662779	Parco Miralfiore, Via Alfredo Faggi, Pesaro, PU, MAR, 61121, Italia	43.9041754	12.9046962	0.001
14755220	Strada di Borgheria, Pesaro, PU, MAR, 61122, Italia	43.8949553	12.8798505	0.001
14516828	Circolo Tennis, Viale Belgrado, Pesaro, PU, MAR, 61121, Italia	43.9207435	12.9014539	0.001
18765815	Paciugo gelateria, Viale Bruxelles, Pesaro, PU, MAR, 61121, Italia	43.9210305	12.8996646	0.001
