22189894	Autolavaggio, Via Firenze, Treia, MC, MAR, Italia	43.3355873	13.3389191	0.001
75808205	Via Arcangelo Caracini, Treia, MC, MAR, Italia	43.2788028	13.3217197049383	0.001
