14499596	Hurricane, Via Luigi Albertini, Baraccola Sud, Ancona, AN, MAR, 60131, Italia	43.5576108	13.5106035	0.001
14889203	Via Ancona, Osimo, AN, MAR, 60027, Italia	43.4992823	13.4970303	0.001
17801135	Via della Stazione, Castelfidardo, AN, MAR, 60022, Italia	43.4934815	13.5533577	0.001
19028403	Castelfidardo, AN, MAR, 60025, Italia	43.4516943	13.5884893	0.001
15561631	Via Direttissima del Conero, Camerano, AN, MAR, 60021, Italia	43.5324323	13.5252225	0.001
