111897831	Villa Lori, Via Cincinelli, Collevario, Macerata, MC, MAR, 62100, Italia	43.28074095	13.4473038043234	0.001
