68679226	Cinema Giometti, Via Matteo Ricci, Jesi, AN, MAR, 60035, Italia	43.5190913	13.2539835288696	0.101
