141689518	Cinema  Conti, Via Giacomo Matteotti, Acqualagna, PU, MAR, 61041, Italia	43.6170469	12.6710546154408	0.101
