11947239	Piazza Roma, Servigliano, FM, MAR, Italia	43.0806575	13.4921117	0.001
