15795671	Via dell'Arengo, Offagna, AN, MAR, Italia	43.5274986	13.4424142	0.001
