72867158	Via Bartolomeo Vignati, Treia, MC, MAR, Italia	43.2844207	13.32702995	0.001
