777526	Via Brecce Bianche, Brecce Bianche, Ancona, AN, MAR, 60125, Italia	43.5861809	13.5166299	0.001
102094435	Piazza Beniamino Gigli, Recanati, MC, MAR, 62019, Italia	43.4022516	13.5496384252101	0.001
41031948	Piazza Boccolino, Osimo, AN, MAR, 60027, Italia	43.4861933	13.4824021	0.001
19437148	Piazza Giacomo Leopardi, Villa Papa, Loreto, AN, MAR, 60025, Italia	43.439628	13.6071463	0.001
137014890	Piazza della Madonna, Villa Papa, Loreto, AN, MAR, 60025, Italia	43.44108315	13.6096178932319	0.001
40503179	Via Morelli, Numana, AN, MAR, 60026, Italia	43.5141162	13.6234288	0.001
123427987	Fontanina, Via Fontanine, Camerano, AN, MAR, 60021, Italia	43.5322491	13.5477418954437	0.001
131843689	Via Vittorio Veneto, Porto Recanati, MC, MAR, 62017, Italia	43.42979875	13.6638229134926	0.001
