6210897	Piazza Giuseppe Garibaldi, Camerino, MC, MAR, 62032, Italia	43.1344258	13.066773	0.001
16085489	Via Piandassalto, Caldarola, MC, MAR, Italia	43.1418658	13.2232325	0.001
16597604	Via Annibal Caro, Caldarola, MC, MAR, Italia	43.1427817	13.2210894	0.001
16838486	Via Pallotta, Caldarola, MC, MAR, 62020, Italia	43.1381198	13.2252307	0.001
42272426	C.da Campanotico, Sarnano, MC, MAR, 62028, Italia	43.0344549	13.2884637	0.001
