14175197	Via Giacomo Matteotti, Urbino, PU, MAR, 61029, Italia	43.7209973	12.6366063	0.001
71720351	Piazza della Repubblica, Urbino, PU, MAR, 61029, Italia	43.7262084	12.63630145	0.001
17113446	Via Donato Bramante, Urbino, PU, MAR, 61029, Italia	43.7275154	12.6361809	0.001
