89182001	Ospedale  Augusto Murri, Via Aldo Moro, Jesi, AN, MAR, 60035, Italia	43.53126395	13.2227806639147	0.001
144364433	Ospedali Riuniti Jesi, Corso Giacomo Matteotti, Jesi, AN, MAR, 60035, Italia	43.5189963	13.2367424918175	0.001
90508132	Ospedale  Carlo Urbani, Via Aldo Moro, Jesi, AN, MAR, 60035, Italia	43.5305158	13.2232523342113	0.001
115767107	Villa Serena, Via di Colle Onorato, Jesi, AN, MAR, Italia	43.5073142	13.1824545165545	0.001
