85135110	Villa Verde, Viale Nicola Ciccolungo, Fermo, FM, MAR, 63023, Italia	43.15842435	13.7143740572096	0.001
137520698	RSA, Strada Provinciale 23 Cuprense, Ripatransone, AP, MAR, Italia	42.99746885	13.7591922208215	0.001
