74287503	Via Martiri della Libertà, Fermignano, PU, MAR, 61029, Italia	43.678875	12.6442972274562	0.001
