17942166	Via Guglielmo Oberdan, Matelica, MC, MAR, 62024, Italia	43.2564274	13.0094836	0.001
