5068803	Stradale, Via Pompeiana, Fermo, FM, MAR, 63017, Italia	43.1571109	13.7324124	0.001
