125721891	Carabinieri, Via la Breccia, Fermignano, PU, MAR, 61029, Italia	43.6858103	12.6482602168951	0.001
