88585910	Via Bellini, Mercatino Conca, PU, MAR, Italia	43.8703652	12.4911949	0.001
85126586	Piazza Verdi, Mercatino Conca, PU, MAR, Italia	43.870638	12.4916456850623	0.001
