312354	Ancona, Piazza Carlo e Nello Rosselli, Scrima, Ancona, AN, MAR, 60127, Italia	43.6075672	13.4977002	0.33074299592768
