13448070	Via Flaminia, Falconara Marittima, AN, MAR, 60015, Italia	43.6302646	13.3971582	0.001
