29456069	Viale Bonopera, Cesano, Senigallia, AN, MAR, 60019, Italia	43.7158175	13.2217989	0.001
31020728	Via Litoranea, Piano Marina, Mondolfo, PU, MAR, 61037, Italia	43.769808	13.1368463	0.001
