69431051	Teatro Giovanni Battista Pergolesi, Piazza della Repubblica, Jesi, AN, MAR, 60035, Italia	43.5218663	13.243948898746	0.2713907126481
41727387	Via Serra, San Marcello, AN, MAR, 60037, Italia	43.5763465	13.2062125	0.001
