14831763	Teatro Gentile, Via Giuseppe Verdi, Centro, Fabriano, AN, MAR, 60044, Italia	43.3362012	12.9047414	0.001
123823529	Nicola Vaccaj, Via Francesco Filelfo, Tolentino, MC, MAR, 62029, Italia	43.21131625	13.2815453485971	0.001
17485284	Via Umberto I, Matelica, MC, MAR, 62024, Italia	43.255655	13.0081147	0.001
76970068	Via Luigi Bonvecchi, Treia, MC, MAR, 62027, Italia	43.3105795	13.3131668046641	0.001
