107589796	Teatro Ventidio Basso, Via del Teatro, San Giacomo, Ascoli Piceno, AP, MAR, 63100, Italia	42.85555745	13.5745115689602	0.21047074434472
6129957	Teatro Filarmonici, Via delle Torri, San Giacomo, Ascoli Piceno, AP, MAR, 63100, Italia	42.8562399	13.5727281	0.13061965013967
