125927582	Teatro La Fenice, 19, Via Cesare Battisti, Cesano, Senigallia, AN, MAR, 60019, Italia	43.7125046	13.2182501354149	0.18611063262914
