101315032	Teatro G. Persiani, Piazza Beniamino Gigli, Recanati, MC, MAR, 62019, Italia	43.4025552	13.5492797268801	0.001
15662287	Teatro La Fenice, Corso Giuseppe Mazzini, Osimo, AN, MAR, 60027, Italia	43.485762	13.4843061	0.001
19641819	Teatro Maratti, Piazza Roma, Camerano, AN, MAR, 60021, Italia	43.5302533	13.5524357	0.001
7566149	Teatro Le Cave, Il  Matto, Sirolo, AN, MAR, 60020, Italia	43.5353025	13.6041886	0.001
116959130	Arena Beniamino Gigli, Via 20 settembre, Porto Recanati, MC, MAR, 62017, Italia	43.4353153	13.6619495012295	0.001
