6522356	Via Berardo Bongiovanni, Camerino, MC, MAR, 62032, Italia	43.1354277	13.0673844	0.001
46847770	Teatrino parrocchiale, Via Pallotta, Caldarola, MC, MAR, 62020, Italia	43.1379838	13.2239368	0.001
15051999	Teatro comunale, Via Pallotta, Caldarola, MC, MAR, 62020, Italia	43.1382789	13.2253063	0.001
126409534	Teatro Della Vittoria, Piazza Alta, Sarnano, MC, MAR, 62028, Italia	43.03591545	13.3017199764384	0.001
