24189889	università, Viale Trieste, Pesaro, PU, MAR, 61121, Italia	43.9211716	12.9080941	0.001
