14550579	GTA, Antrona Schieranco, VB, PIE, Italia	46.0605528	8.1139032	0.001
