14442425	Via Umberto I, Traffiume, Cannobio, VB, PIE, 28822, Italia	46.0616423	8.6991053	0.001
15335164	Via Domenico Uccelli, Traffiume, Cannobio, VB, PIE, 28822, Italia	46.060982	8.6977848	0.001
18295810	Via Panoramica, Cannero Riviera, VB, PIE, 28821, Italia	46.0228528	8.6805166	0.001
