17943435	Unicredit, Via Roma, Pessinetto, TO, PIE, 100760, Italia	45.2904668	7.4023156	0.001
45324939	Intesa-sanpaolo, Via Rivarotta, Salassa, TO, PIE, Italia	45.3586937	7.6895566	0.001
25619627	Via Benso, Corio, TO, PIE, Italia	45.3122178	7.5336658	0.001
25324914	Via Cavour, Corio, TO, PIE, Italia	45.3128817	7.531528	0.001
18984149	Via Cerrano, Rivarolo Canavese, TO, PIE, 10086, Italia	45.3380437	7.7199151	0.001
