11292067	Via Gaetano Donizetti, Beinasco, TO, PIE, 10092, Italia	45.0276311	7.5981644	0.001
12194260	Largo Torino, Beinasco, TO, PIE, 10092, Italia	45.0274149	7.5968943	0.001
5639968	CRT, Via Alpignano, Givoletto, TO, PIE, Italia	45.1587579	7.496885	0.001
