24121801	Via Geremia Bonomelli, Rione Badulerio, Domodossola, VB, PIE, 28845, Italia	46.1148224	8.2962058	0.001
37604534	Varzo, VB, PIE, Italia	46.2500572	8.1908571	0.001
14439079	Unicredit, SP166, Crevoladossola, VB, PIE, 28865, Italia	46.1328675	8.2946919	0.001
23149590	Banca Populare di Novara, Via Giulio Pastore, Baceno, VB, PIE, 28861, Italia	46.2597694	8.3184701	0.001
24895373	Banca Populare di Intra, Via Roma, Baceno, VB, PIE, 28861, Italia	46.2595972	8.3196427	0.001
