39171520	via Luigi Trincavelli, Vogogna, VB, PIE, 28886, Italia	46.008793	8.2924172	0.001
13047596	Via provinciale, Vogogna, VB, PIE, 28805, Italia	46.0383832	8.2802132	0.001
42880912	Via Madonna di Loreto, Vogogna, VB, PIE, 28805, Italia	46.0170759	8.2851947	0.001
13176231	Via torre, Pallanzeno, VB, PIE, 28844, Italia	46.0459534	8.257648	0.001
44750168	Via Vittorio Emanuele, Pieve Vergonte, VB, PIE, 28886, Italia	46.0064579	8.2693223	0.001
42737576	via Sant'Anna, Pieve Vergonte, VB, PIE, 28886, Italia	45.9991501	8.2796138	0.001
