18891300	Vicolo Angelo Custode, Traffiume, Cannobio, VB, PIE, 28822, Italia	46.0621525	8.6968456	0.001
19644560	Via Giustino Allioli, Traffiume, Cannobio, VB, PIE, 28822, Italia	46.057574	8.6797681	0.001
14267276	SS34, Cannobio, VB, PIE, 28826, Italia	46.0380543	8.7050103	0.001
18213728	SP75, Traffiume, Cannobio, VB, PIE, 28822, Italia	46.068728	8.6464644	0.001
