17538557	Viale Giuseppe Mellano, Fossano, CN, PIE, 12045, Italia	44.5481278	7.7274528	0.001
18031072	Viale Martiri dell'Indipendenza, Fossano, CN, PIE, 12045, Italia	44.5494117	7.7220184	0.001
16727943	Via Bonifanti, Centallo, CN, PIE, Italia	44.5004966	7.5854244	0.001
51397440	SP46, Ca Bianca, Rossana, CN, PIE, 12026, Italia	44.5334141	7.4278382	0.001
18512545	SP12, Bastia Mondovì, CN, PIE, 12061, Italia	44.4410343	7.8944124	0.001
