16025569	Sentiero CAI 573, Montechiaro d'Acqui, AL, PIE, Italia	44.6009255	8.3575677	0.001
