24407168	Vicolo Alessandria, Villadeati, AL, PIE, 15021, Italia	45.055122	8.1619612	0.001
20888292	Via Roma, Villadeati, AL, PIE, 15021, Italia	45.0722503	8.1693394	0.001
24434257	Strada Valperosa, Tigliole, AT, PIE, 14018, Italia	44.8864755	8.0574855	0.001
