17044449	Via Bastioni, Cherasco, CN, PIE, Italia	44.6545943	7.8631071	0.001
25263479	Piazza caduti per l'Italia, Sommariva del Bosco, CN, PIE, 12048, Italia	44.7710721	7.7833496	0.001
47536013	Via Craveri, Bra, CN, PIE, 12042, Italia	44.7003346	7.8529394	0.001
50965851	Vicolo Fossaretto, Bra, CN, PIE, 12042, Italia	44.7003822	7.8531567	0.001
