11160919	Via Luigi Einaudi, Rione Badulerio, Domodossola, VB, PIE, 28845, Italia	46.1180326	8.2834457	0.001
10669563	Via Cantarana, Rione Badulerio, Domodossola, VB, PIE, 28845, Italia	46.1150252	8.2940139	0.001
10941610	Via Como, Domodossola, VB, PIE, 28865, Italia	46.1282693	8.2874976	0.001
48760130	Grande Traversata delle Alpi, Varzo, VB, PIE, Italia	46.2751305	8.1430574	0.001
11997243	Strada statale della Val Vigezzo, Scarliccio, Trontano, VB, PIE, 28855, Italia	46.1215766	8.3451909	0.001
49167081	Via tassera, Trontano, VB, PIE, 28855, Italia	46.1248653	8.3357123	0.001
42574542	SS659, Crodo, VB, PIE, Italia	46.2166074	8.3232052	0.001
40417091	Via Circonvallazione, Crodo, VB, PIE, 28861, Italia	46.2260831	8.3251835	0.001
41977112	SS659, Premia, VB, PIE, 28861, Italia	46.2798332	8.3534216	0.001
