14940518	Via Isola Gola, Oleggio, NO, PIE, Italia	45.6137728	8.6928408	0.001
31089966	Via San Rocco, Somma Lombardo, VA, LOM, Italia	45.6823009	8.6442307	0.001
46892324	3, Via Simonetta, Varallo Pombia, NO, PIE, 20840, Italia	45.6668656	8.6334593	0.001
