47735096	Piazza Tommaso Villa, Valfenera, AT, PIE, 14017, Italia	44.8968996	7.9647909	0.001
48713198	Via Armando Diaz, Valfenera, AT, PIE, 14017, Italia	44.8981218	7.9679415	0.001
47629517	Piazza Giardinetto, Valfenera, AT, PIE, 14017, Italia	44.8982356	7.9651406	0.001
