22596372	Piazza primo maggio, La Ghiandaia, Golasecca, VA, LOM, 21018, Italia	45.6970128	8.6560454	0.001
26026125	Blue Rose, 1, Via Diana, Somma Lombardo, VA, LOM, 21019, Italia	45.686207	8.7004575	0.001
113715347	31, Via Nazario Sauro, Somma Lombardo, VA, LOM, 21019, Italia	45.6782495	8.6421128	0.001
92360042	Celebrity beach pub, 6, Via Canottieri, Somma Lombardo, VA, LOM, 21019, Italia	45.67740595	8.6839703479789	0.001
126002733	La Pineta, Via Locatelli, Vizzola Ticino, VA, LOM, 21010, Italia	45.6300295	8.69040559742135	0.001
