23896728	Via Vittorio Emanuele II, Chieri, TO, PIE, 10023, Italia	45.0082936	7.8298831	0.001
16698266	Piazza Europa, Chieri, TO, PIE, 10023, Italia	45.0068361	7.8287809	0.001
38170668	Via Roma, Andezeno, TO, PIE, Italia	45.0366612	7.8703864	0.001
24125501	Via J.Arpino, Poirino, TO, PIE, 10046, Italia	44.919376	7.8442706	0.001
48228225	Caffetteria Mandorla, 68, Via Armando Diaz, Valfenera, AT, PIE, 14017, Italia	44.8991938	7.9648811	0.001
5783031	Bar Zelig, SP16, Castelnuovo Don Bosco, AT, PIE, 14022, Italia	45.0389521	7.9664725	0.001
6396187	bar tabacchi, SP16, Castelnuovo Don Bosco, AT, PIE, 14022, Italia	45.0624614	7.9474392	0.001
