17308844	Strada Antonio Manzi, Gonte, Oggebbio, VB, PIE, 28824, Italia	45.9961559	8.6514495	0.001
37994605	Via Nuova Intra Premeno, Arizzano, VB, PIE, 28921, Italia	45.9499924	8.5804942	0.001
