47319144	iOguido, Corso Torino, Avigliana, TO, PIE, 10051, Italia	45.0861232	7.4003946	0.001
