121304551	Autolavaggio Monviso, 20, Via Monviso, Pinerolo, TO, PIE, 10064, Italia	44.8805321	7.3297330153526	0.001
19421135	SP151, Campiglione-Fenile, TO, PIE, 12031, Italia	44.803284	7.3154754	0.001
18939505	SP158 dir, Bricherasio, TO, PIE, 10060, Italia	44.8299347	7.3179268	0.001
46172451	Via 1° maggio, Casa Payer, Luserna San Giovanni, TO, PIE, 10062, Italia	44.8111267	7.2664106	0.001
