102323311	Via Circonvallazione, C.Brizio, Fossano, CN, PIE, 12045, Italia	44.55308925	7.71214260155917	0.001
103573112	Via Salmour, Fossano, CN, PIE, 12045, Italia	44.54456765	7.72637825000001	0.001
131730008	Via Giuseppe Romita, Cascina Fiandra, Busca, CN, PIE, 12022, Italia	44.525125	7.48007724528184	0.001
