2590272384	Strada Biandrate, Santa Rita, Novara, NO, PIE, 28100, Italia	45.44960945	8.60332565	0.001
19580007	Via Madre Teresa di Calcutta, San Martino, Novara, NO, PIE, 28100, Italia	45.4424097	8.599398	0.001
2590245948	Via Leonardo Walter Manzone, Canadà, Vercelli, VC, PIE, 13100, Italia	45.3359304	8.4069554	0.001
24901723	Via Torino, Trecate, NO, PIE, Italia	45.446306	8.7868848	0.001
110126337	Piazza Meucci, Ghemme, NO, PIE, 28074, Italia	45.5924654	8.42695137480772	0.001
21389306	Strada Vecchia per Turbigo, Bornate, Galliate, NO, PIE, 28066, Italia	45.4878059	8.7101194	0.001
73070026	Strada vecchia per Olcenengo, Caresanablot, VC, PIE, 13030, Italia	45.35235575	8.39080168764129	0.001
109762644	Via Santa Cecilia, Caresanablot, VC, PIE, 13030, Italia	45.35533485	8.39158423059077	0.001
14725867	Pinguino, Via Giovanni Battista Gambaro, Romentino, NO, PIE, 28066, Italia	45.4622663	8.7098007	0.001
