22715467	Autolavaggio, Via Fausto Coppi, Alessandria, AL, PIE, 15121, Italia	44.9022812	8.6305297	0.001
41802515	SP35bis, Novi Ligure, AL, PIE, 15067, Italia	44.7474475	8.8120429	0.001
41391598	Strada di Alessandria, Novi Ligure, AL, PIE, 15067, Italia	44.7747628	8.7899747	0.001
41379927	SP35ter, Novi Ligure, AL, PIE, 15067, Italia	44.7588028	8.8075944	0.001
118714229	Scriviawash, Via Cassano, Serravalle Scrivia, AL, PIE, 15069, Italia	44.7323009	8.84720890000001	0.001
84770499	Via Carlo Mussa, Castellazzo Bormida, AL, PIE, 15073, Italia	44.85194915	8.54363022002672	0.001
14558977	Via Milite Ignoto, Castellazzo Bormida, AL, PIE, 15073, Italia	44.8394402	8.5845599	0.001
85248282	Romanin, Via Milite Ignoto, Castellazzo Bormida, AL, PIE, 15073, Italia	44.83942825	8.58453577758459	0.001
