39246652	Strada di Alessandria, Novi Ligure, AL, PIE, 15067, Italia	44.7747628	8.7899747	0.001
41520106	SP35bis, Novi Ligure, AL, PIE, 15069, Italia	44.7474475	8.8120429	0.001
40304148	SP35ter, Novi Ligure, AL, PIE, 15067, Italia	44.7588028	8.8075944	0.001
125379235	Scriviawash, Via Cassano, Serravalle Scrivia, AL, PIE, 15069, Italia	44.7323009	8.84720890000001	0.001
