7074064	Via Circonvallazione, Almese, TO, PIE, 10051, Italia	45.1091493	7.3996964	0.001
127837930	SS25, Comunetese, Susa, TO, PIE, 10053, Italia	45.13797365	7.0914271	0.001
49504726	Via Susa, Chiusa di San Michele, TO, PIE, 10055, Italia	45.1060397	7.3155122	0.001
