91270341	Cinema Stella Maris - Moretta, Via dei Partigiani, Alba, CN, PIE, 12051, Italia	44.68610425	8.03370660503873	0.101
17693707	Cine4, Via Vincenco Giacosa, Alba, CN, PIE, 12051, Italia	44.6981646	8.0351209	0.001
