23408047	Cinema Italia, Via Montegrappa, Pinerolo, TO, PIE, 10064, Italia	44.8831789	7.330467	0.101
92972942	Cinema Comunale, 1, Via Cavallotta, Barge, CN, PIE, 12032, Italia	44.7256114	7.31897986930239	0.101
99525646	Trento, Viale Mazzini, Cesan, Torre Pellice, TO, PIE, 10066, Italia	44.82184375	7.22290926095133	0.001
