88059470	Cinema Politeama / Ritz, Via Ospedale, Asti, AT, PIE, 14100, Italia	44.9006041	8.20865346931727	0.101
15899083	Nuovo Splendor, Via Carlo Vassallo, Asti, AT, PIE, 14100, Italia	44.898372	8.1969253	0.001
89016051	Fratelli Lumière, Corso Dante Alighieri, Asti, AT, PIE, 14100, Italia	44.9102852	8.1982015653525	0.001
91295067	Sala Giovanni Pastrone, Via Carlo Leone Grandi, Asti, AT, PIE, 14100, Italia	44.8999152	8.2056335501827	0.001
127486660	Cinelandia, SS10, Asti, AT, PIE, 14100, Italia	44.90680585	8.22674420366963	0.001
