42636997	I cedri, Via Cavour, Fara Novarese, NO, PIE, 28073, Italia	45.5571264	8.4610969	0.001
