37366385	15, Via delle Scuole, San Martino Canavese, TO, PIE, 10010, Italia	45.3923722	7.7888495	0.001
