93481003	Stella del Mattino, SP21, Boves, tetti Brusse, Boves, CN, PIE, 12012, Italia	44.33727935	7.54355173390106	0.001
