2599029981	Casa di Cura I Cedri, Via Cavour, Fara Novarese, NO, PIE, 28073, Italia	45.5573277	8.46123297422589	0.001
