103462788	10, Baluardo Alfonso La Marmora, Porta Mortara, Novara, NO, PIE, 28100, Italia	45.44335425	8.62739316471064	0.001
