133907597	Palazzo del Seminario, Piazza Catena, Asti, AT, PIE, 14100, Italia	44.9006004	8.20131965548495	0.001
