77360795	Via del Tribunale, Oltreponte, Casale Monferrato, AL, PIE, 15033, Italia	45.1366321	8.45166683068043	0.001
