99661051	Tribunale Alessandria, 81, Corso Crimea, Alessandria, AL, PIE, 15121, Italia	44.9104744	8.60843697026398	0.001
