102113751	Tribunale, Via Savigliano, Saluzzo, CN, PIE, 12037, Italia	44.64527855	7.4969465	0.001
