45708670	Studio dentistico Dorr. Filadi, Corso Dante Alighieri, Asti, AT, PIE, 14100, Italia	44.9075541	8.2008987	0.101
125916205	DentalBio, SS10, Asti, AT, PIE, 14100, Italia	44.90546595	8.226228175675	0.001
