11463897	SCentro Socio Sanitario, Via Giulio e Guido Carmignani, Parma, PR, EMR, 43124, Italia	44.7823576	10.3202004	0.001
101242010	a.s.l., Via Verona, Parma, PR, EMR, 43122, Italia	44.8117756	10.337800406298	0.001
19435582	San Moderanno, Via Trieste, Parma, PR, EMR, 43122, Italia	44.8112304	10.3439422	0.001
