23742390	Piazza Pajetta, Olcenengo, VC, PIE, Italia	45.3622235	8.3111511	0.001
20635835	Via Umberto I, Villarboit, VC, PIE, Italia	45.4367695	8.3365669	0.001
20820679	SP113, Balocco, VC, PIE, Italia	45.4554782	8.2807571	0.001
129224587	Via per Masserano, Lessona, BI, PIE, 13836, Italia	45.5904349	8.19356053046358	0.001
