38197775	Via San Bernardo, Trancheri, Verzuolo, CN, PIE, 12030, Italia	44.6057371	7.4521477	0.001
38706490	Via Giuseppe Garibaldi, Manta, CN, PIE, 12039, Italia	44.6140226	7.4852979	0.001
