22364615	Piazzale Martin Luther King, Fognano, Parma, PR, EMR, 43126, Italia	44.8206278	10.2822849	0.001
105889214	Piazza della Pilotta, Parma, PR, EMR, 13, Italia	44.8046906	10.3270272071903	0.001
2241174	Via Toscana, Parma, PR, EMR, 43121, Italia	44.8020236	10.3425463	0.001
3447860	Largo Torello De Strada, Parma, PR, EMR, 43121, Italia	44.8073046	10.3328995	0.001
866873	Barriera Repubblica, Parma, PR, EMR, 43121, Italia	44.7991893	10.3384007	0.001
143443358	Via Rochdale, Penizzo, Reggio nell'Emilia, RE, EMR, 42011, Italia	44.73460765	10.663620677227	0.001
49101642	Via dei Tigli, Viadana, MN, LOM, 46019, Italia	44.9399178	10.5127415	0.001
49242717	Via Rocca, Viadana, MN, LOM, 46019, Italia	44.9267606	10.5203373	0.001
131258969	Via San Quasimodo, Sorbolo, PR, EMR, Italia	44.83043255	10.3931761924453	0.001
