40167531	Nolezzo - Munt Todum, Cossogno, VB, PIE, 28924, Italia	46.0037247	8.517883	0.001
