42635831	Via Umberto I, Cascina della Medica, Priocca, CN, PIE, Italia	44.7911033	8.0624242	0.001
25396850	Piazza Libertà, Sezzadio, AL, PIE, 15070, Italia	44.7855738	8.5718558	0.001
19009697	SP186, Sezzadio, AL, PIE, 15070, Italia	44.7860341	8.5695026	0.001
24116288	Via Paramuro, Fontanile, AT, PIE, 14046, Italia	44.7535118	8.4213739	0.001
115454489	Corso Vigano, Acqui Terme, Cascina Cavallino, Acqui Terme, AL, PIE, 15011, Italia	44.67348305	8.46941443998789	0.001
25445085	Corso Dante, Acqui Terme, Cascina Cavallino, Acqui Terme, AL, PIE, 15011, Italia	44.6744863	8.4683297	0.001
18022984	Piazza Michele Ferrero, Alba, CN, PIE, 12051, Italia	44.6966494	8.0340701	0.001
46755271	Via Bruni Gaioli, Castelnuovo Bormida, AL, PIE, Italia	44.7437879	8.5460063	0.001
