18785542	Spalto Borgoglio, Alessandria, AL, PIE, 15100, Italia	44.9091445	8.6081478	0.001
18854176	colorata, Corso Crimea, Alessandria, AL, PIE, 15100, Italia	44.9093687	8.6095108	0.001
10694778	Spalto Borgoglio, Alessandria, AL, PIE, 15121, Italia	44.9158492	8.6066688	0.001
45824654	Piazza Santo Stefano, Alessandria, AL, PIE, 15121, Italia	44.9158807	8.6128602	0.001
119633910	Via Tortona, San Vittore, Voghera, PV, LOM, 27058, Italia	44.98339845	8.98253450017634	0.001
121348000	Via Roma, Pontecurone, AL, PIE, 15053, Italia	44.9616244	8.93053296507353	0.001
