12260566	Corso Dante, Madonna dell'Olmo, Cuneo, CN, PIE, 12100, Italia	44.3849754	7.5462781	0.001
101472382	SS20, Madonna dell'Olmo, Cuneo, CN, PIE, 12100, Italia	44.38739445	7.53706202480052	0.001
18222304	Piazza Europa, Madonna dell'Olmo, Cuneo, CN, PIE, 12100, Italia	44.3839743	7.5416453	0.001
41119171	Piazza Roma, Mondovì, CN, PIE, 12084, Italia	44.3913871	7.8224651	0.001
19944648	Via Mario Rosso, Beinette, CN, PIE, Italia	44.3652833	7.646251	0.001
19890494	SP42, Beinette, CN, PIE, 12016, Italia	44.363624	7.6445766	0.001
135639080	Via Nazionale, Vicoforte, CN, PIE, Italia	44.36244145	7.86413004168494	0.001
24338983	Piazza Europa, Casot Brindur, Roccavione, CN, PIE, 12011, Italia	44.3157417	7.4813536	0.001
