135024676	Viale Maddalena Zoppis, Cascina Fagnani, Borgomanero, NO, PIE, 28024, Italia	45.70468605	8.45935411921789	0.001
142458254	Via 25 aprile, Veruno, NO, PIE, 28010, Italia	45.69479335	8.53476333048404	0.001
75420592	Istituto Scientifico di Riabilitazione di Veruno, Via 25 aprile, Veruno, NO, PIE, 28010, Italia	45.6950557	8.53493868008708	0.001
