141628112	Ospedale Civile di Saluzzo, Via Spielberg, Saluzzo, CN, PIE, 12037, Italia	44.64202335	7.49463293216338	0.001
89248798	Ospedale, Via Ospedali, Canavere Alte, Savigliano, CN, PIE, 12083, Italia	44.6435379	7.66176736243238	0.001
18212966	Casa di cura privata Città di BRA, Via Piroletto, Bra, CN, PIE, 12042, Italia	44.6968374	7.8586648	0.001
140277759	Ospedale Santo Spirito, Corso san Secondo, Bra, CN, PIE, 12042, Italia	44.7024606	7.84876888822628	0.001
141430028	Via Ospedale, Bra, CN, PIE, 12042, Italia	44.7031105	7.84857210624765	0.001
