87829490	Via Don S Gallotti, Traffiume, Cannobio, VB, PIE, 28822, Italia	46.06358615	8.69879575	0.001
14887620	Via ai Ger, Traffiume, Cannobio, VB, PIE, 28822, Italia	46.059841	8.6925088	0.001
105164386	Piancavallo, Premeno Il Colle, Camogno, Oggebbio, VB, PIE, 28824, Italia	46.0097199	8.62938434200287	0.001
