4407799	Ospedale Civile di Castellamonte, Castellamonte, TO, PIE, 10081, Italia	45.3813836	7.7084619	0.001
99205201	Ospedale civile di Cuorgnè, SP42, Cuorgnè, TO, PIE, 10082, Italia	45.38675245	7.64987244322034	0.001
