140984838	Via Mattia Borgnis, Rione Badulerio, Domodossola, VB, PIE, 28845, Italia	46.11417385	8.28933490379853	0.001
136677327	Centro studi Piero Ginocchi, Via della Ferrera, Crodo, VB, PIE, 28861, Italia	46.22226515	8.32271833055236	0.001
