37688437	M.I.A.C. Cuneo, 77, A33, Madonna dell'Olmo, Cuneo, CN, PIE, 12100, Italia	44.4307418	7.5684466	0.001
