122605668	Strada provinciale del Sassello, Melazzo, AL, PIE, 15015, Italia	44.60582005	8.41786947597276	0.001
