70489734	Piazza Generale Franco Romano, Castellamonte, TO, PIE, 10081, Italia	45.37980715	7.71493228135895	0.001
18086404	Via Roma, Pessinetto, TO, PIE, 100760, Italia	45.2876947	7.4043736	0.001
16966757	Piazzale Grande Torino, Ceres, TO, PIE, 100760, Italia	45.3136245	7.3898677	0.001
