14638910	Piazza Giuseppe Garibaldi, Alessandria, AL, PIE, 15100, Italia	44.9088743	8.6129166	0.001
117517616	Strada provinciale del Sassello, Melazzo, AL, PIE, 15015, Italia	44.60582005	8.41786947597276	0.001
