23355761	farmacia Tigliole, Via Umberto Primo, Tigliole, AT, PIE, Italia	44.886649	8.0745026	0.001
17879299	SP2, Montafia, AT, PIE, 14014, Italia	44.9890627	8.0254782	0.001
53204098	Farmacia Marello, SP75, Monale, AT, PIE, 14013, Italia	44.9361065	8.0717252	0.001
20702782	Farmacia Scaletta, 53, Via Roma, Villafranca d'Asti, AT, PIE, 14018, Italia	44.9136589	8.0329636	0.001
