20196304	Via Giuseppe de Notaris, Suna, Verbania, VB, PIE, 28922, Italia	45.9530397	8.5486943	0.001
5626765	197, Corso Belvedere, Ghiffa, VB, PIE, 28823, Italia	45.9579746	8.6192779	0.001
2596639363	Via Giuseppe Terzoli, Cossogno, VB, PIE, 28924, Italia	45.9636024	8.5097337	0.001
19492183	Corso Roma, Arizzano, VB, PIE, 28921, Italia	45.9566068	8.5844768	0.001
138098361	Via Negare, Cambiasca, VB, PIE, 28922, Italia	45.96079615	8.54284971525346	0.001
19403770	Via P. F. Farinet, Bee, VB, PIE, 28921, Italia	45.9620794	8.5802201	0.001
