47961017	Farmacia Comunale, Via cappuccina, Rione Badulerio, Domodossola, VB, PIE, 28845, Italia	46.1211222	8.292774	0.001
3923287	Samonini, Via Paolo Silva, Rione Badulerio, Domodossola, VB, PIE, 28845, Italia	46.1158133	8.2910188	0.001
4082296	Bogani, Via Luigi Cadorna, Rione Badulerio, Domodossola, VB, PIE, 28845, Italia	46.1172977	8.2926534	0.001
12919573	Viale Stazione, Varzo, VB, PIE, 28868, Italia	46.2066743	8.2460165	0.001
25034401	Camisani, Via Sempione, Crevoladossola, VB, PIE, 28035, Italia	46.1367224	8.2947061	0.001
138799834	Camisani, Via Sempione, Crevoladossola, VB, PIE, 28035, Italia	46.13682275	8.29430880630403	0.001
13170562	Dottor Calderara, 337, Trontano, VB, PIE, 28845, Italia	46.1129377	8.3094537	0.001
40181359	SS659, Premia, VB, PIE, 28861, Italia	46.2685954	8.3411437	0.001
