14084737	Gallenzi, Via Novello Bianchi, Villadossola, VB, PIE, 28844, Italia	46.0646628	8.2615187	0.001
13081321	Via torre, Pallanzeno, VB, PIE, 28844, Italia	46.0453862	8.2603111	0.001
42741212	Via Dottor G. Cicoletti, Pieve Vergonte, VB, PIE, 28886, Italia	46.0063894	8.2676813	0.001
