17056190	Via Vittorio Emanuele II, Cherasco, CN, PIE, Italia	44.649721	7.8581087	0.001
15072581	Via Castelli, Lagnasco, CN, PIE, 12039, Italia	44.6241502	7.5549059	0.001
26581531	Farmacia Capello, Via Peano, Cardè, CN, PIE, Italia	44.7462228	7.4778656	0.001
24552930	Antica farmacia del borgo, Via Torino, Sommariva del Bosco, CN, PIE, 12048, Italia	44.7710068	7.7827731	0.001
40281312	Via Roma, Manta, CN, PIE, 12039, Italia	44.618303	7.4892025	0.001
