46402740	Polizia Stradale, Via Giuseppe Romita, Rione Badulerio, Domodossola, VB, PIE, 28845, Italia	46.1180162	8.2880737	0.001
113316122	Carabinieri, Via Fontana, Varzo, VB, PIE, 28868, Italia	46.2074433	8.24636594599291	0.001
139461488	Carabinieri, Via Dante Alighieri, Crevoladossola, VB, PIE, 28865, Italia	46.14083195	8.29190485331489	0.001
40181382	SS659, Premia, VB, PIE, 28861, Italia	46.2676012	8.3393135	0.001
