96697307	Via Felicita Morandi, Biumo Superiore, Varese, VA, LOM, 21100, Italia	45.8220824	8.82182360604915	0.001
22982918	Via G. Castelli, Pallanza, Verbania, VB, PIE, 28925, Italia	45.9241098	8.5496753	0.001
