68356977	Carcere di Parma, Strada Benedetta, Parma, PR, EMR, 43122, Italia	44.8167494	10.3652221223614	0.001
