142503600	Ex Carcere, Via Leardi, Valentino, Casale Monferrato, AL, PIE, 15033, Italia	45.13327525	8.45497557532088	0.001
