138510183	Carcere di Asti, SR10, Castello di Annone, AT, PIE, Italia	44.89619665	8.2844896965884	0.001
