3920603	Baby Bar, Strada Provinciale 93, Varzo, VB, PIE, 28868, Italia	46.2061853	8.2508963	0.001
4034571	Bar Centro, Frazione Riva, Varzo, VB, PIE, 28868, Italia	46.2066228	8.2548057	0.001
