4302345	Via Don Savino Lilla, Cossogno, VB, PIE, 28802, Italia	46.0031717	8.4917295	0.001
