14087570	Birrificio Baladin, SP12, Piozzo, CN, PIE, Italia	44.515433	7.8919974	0.001
