119908265	New O'Connors Pub, Via Guglielmo Marconi, Quaregna, BI, PIE, 13826, Italia	45.57036605	8.16743675178287	0.101
127487265	Shake, SP318, Brusnengo, BI, PIE, 13060, Italia	45.5802061	8.26381053249845	0.001
121831583	SS230, Via Roma, Quinto Vercellese, VC, PIE, 13030, Italia	45.3812783	8.35949515126322	0.001
17492292	Albergo delle Miniere, Corso Giacomo Matteotti, San Germano Vercellese, VC, PIE, 13047, Italia	45.3499802	8.2466697	0.001
