46498738	Mickye Mouse, 30, SP211, Case Bufferant, Giaglione, TO, PIE, 10050, Italia	45.1395513	7.0128387	0.001
47182643	Diamond Cave, SP209, Falconere, Mompantero, TO, PIE, 10059, Italia	45.1465596	7.0423195	0.001
23990191	Via Torino, Parisat, Mattie, TO, PIE, 10050, Italia	45.120157	7.1297558	0.001
125035979	Excalibur, 25, Via Montegrappa, Borgo Storico, Susa, TO, PIE, 10059, Italia	45.13182645	7.04585040856754	0.001
29203496	Panacea, 29, Via Palazzo di Città, Borgo Storico, Susa, TO, PIE, 10059, Italia	45.1353821	7.0467064	0.001
76600685	La Sacra Birra, 18, Corso Moncenisio, Sant'Ambrogio di Torino, TO, PIE, 10057, Italia	45.0930691	7.37774045992462	0.001
3864728	Via IV Novembre, Perosa Argentina, TO, PIE, 10063, Italia	44.958174	7.1906045	0.001
