99317863	Vicolo Pos Murone, Traffiume, Cannobio, VB, PIE, 28822, Italia	46.0652839	8.69863899898431	0.001
105279692	Viale Vittorio Veneto, Traffiume, Cannobio, VB, PIE, 28822, Italia	46.06242905	8.69787571028481	0.001
98554834	Sentiero per Crealla, Falmenta, VB, PIE, Italia	46.0680286	8.595422	0.001
