24732776	Asti, Piazza Guglielmo Marconi, Asti, AT, PIE, 14100, Italia	44.8948512	8.2077474	0.001
45313181	Moncalvo, SP31, Moncalvo, AT, PIE, 14036, Italia	45.0594841	8.2617757	0.001
17920188	Castello d'Annone, SR10, Castello di Annone, AT, PIE, Italia	44.8788196	8.3127044	0.001
18814855	Rocchetta Tanaro-Cerro, SP27A, Cerro Tanaro, AT, PIE, Italia	44.8754758	8.351378	0.001
