5001518	Torre Pellice, Piazza stazione, Cesan, Torre Pellice, TO, PIE, 10066, Italia	44.8188988	7.2261535	0.21332756789753
