121293610	Radio Voce Spazio, 43, Via Remotti, Alessandria, AL, PIE, 15121, Italia	44.9376093	8.579287612605	0.001
25327934	Corso Palmiro Togliatti, Pontecurone, AL, PIE, 15053, Italia	44.9560645	8.934539	0.001
