15988478	Piazza Guglielmo Marconi, Asti, AT, PIE, 14100, Italia	44.8951712	8.2077673	0.001
