28461892	Via Cesare Beccaria, Centro, Gallarate, VA, LOM, 21013, Italia	45.6596468	8.7979278	0.001
14133572	Via Monte Grappa, Arona, NO, PIE, 28041, Italia	45.756209	8.5591337	0.001
