10217495	Via Piazzale della Stazione, Carpi, MO, EMR, 41012, Italia	44.7829358	10.8915927	0.001
17375710	Via Giovanni Tabacchi, Mirandola, MO, EMR, 41037, Italia	44.8879631	11.065068	0.001
