41784505	Via Edilio Raggio, Novi Ligure, AL, PIE, 15067, Italia	44.7588438	8.7931948	0.001
16363506	Piazza Falcone e Borsellino, Novi Ligure, AL, PIE, 15067, Italia	44.7622317	8.786847	0.001
