121965521	La Fabbrica, Corso Italia, Villadossola, VB, PIE, 38844, Italia	46.0660423	8.25949079992982	0.001
