127453640	Teatro Milanollo Savigliano, Piazza Turletti, Canavere Alte, Savigliano, CN, PIE, 12083, Italia	44.6464376	7.65705813134726	0.001
15014611	Via Tapparelli, Lagnasco, CN, PIE, 12039, Italia	44.6242124	7.5565477	0.001
138019936	Teatro G. Boglione, 26, Piazza Carlo Alberto, Bra, CN, PIE, 12042, Italia	44.6954395	7.84968072188184	0.001
