43294546	Teatro, Via Umberto I, Narzole, CN, PIE, Italia	44.59359	7.8700212	0.001
131538729	teatro civico, Via 4 Novembre, Cascina Fiandra, Busca, CN, PIE, 12022, Italia	44.51440015	7.47542627770438	0.001
