75262845	Teatro Fassino, Via Quattro Novembre, Avigliana, TO, PIE, 10051, Italia	45.08515665	7.3951461429567	0.001
2602750193	Palafeste, Via Matteotti, COAZZE, Case Taddei, Coazze, TO, PIE, 10094, Italia	45.05133515	7.29614830476084	0.001
