23322251	Amphiteatro, SP114, Cortemilia, CN, PIE, Italia	44.5492314	8.1865691	0.001
