131250255	Via Giovanni Giolitti, Murassone, Dronero, CN, PIE, Italia	44.46745585	7.36141382223343	0.001
