84097523	Teatro Coccia, Piazza Giacomo Puccini, Porta Mortara, Novara, NO, PIE, 28100, Italia	45.4456277	8.61819465468665	0.10803387666472
5624319	Via Roma, San Vincenzo, Oleggio, NO, PIE, 28047, Italia	45.5976268	8.634257	0.001
76771450	Teatro di Momo, Via Momo, Momo, NO, PIE, 28015, Italia	45.5755243	8.55864994232934	0.001
