84066239	Città Studi, Via Ivrea, Vernato, Biella, BI, PIE, 13900, Italia	45.5559091	8.03282371583868	0.001
