43380226	Rue Bourgeois, Miniera, Cogne, AO, VDA, 11012, Italia	45.6083167	7.3553001	0.001
