14916263	Strada regionale per Bionaz, Aosta, AO, VDA, 11100, Italia	45.8505353	7.382718	0.001
