95729139	Rue du Collège de Saint Bénin, Aosta, AO, VDA, 11100, Italia	45.7359247	7.3208487	0.1
2596395132	Rue du Collège de Saint Bénin, Aosta, AO, VDA, 11100, Italia	45.7369525	7.3203387	0.1
