25186513	Petite Cerise, SR18, Alpe Grimondet, Gressan, AO, VDA, 11100, Italia	45.6987219	7.3094632	0.001
25800997	Grande Cerise, SR18, Alpe Grimondet, Gressan, AO, VDA, 11100, Italia	45.6975758	7.3049863	0.001
26344124	Charemoz, SR18, Alpe Grimondet, Gressan, AO, VDA, 11100, Italia	45.6943074	7.3038637	0.001
