7771208	Sentiero per Rifugio Boccalatte-Piolti, Montitaz Damon, Courmayeur, AO, VDA, 11013, Italia	45.8316664	6.9843804	0.001
4912459	Via Don Bougeat, Arp Di Liconi, Morgex, AO, VDA, 11017, Italia	45.7584588	7.0375365	0.001
4621033	Strada del Pautex, Morgex, AO, VDA, 11017, Italia	45.75425	7.0365555	0.001
4616615	SS26, Morgex, AO, VDA, 11017, Italia	45.7576611	7.0365245	0.001
