70187696	Biblioteca, Via Don Bougeat, Arp Di Liconi, Morgex, AO, VDA, 11017, Italia	45.7584043	7.03718691130876	0.001
93205209	SS26, Pre De Thoulaz, La Salle, AO, VDA, 11017, Italia	45.74706605	7.07260277014988	0.001
5982512	Strada statale 26 della Valle d'Aosta, La Thuile, AO, VDA, Italia	45.7178913	6.9483006	0.001
