7803541	Farmacia di Morgex, SS26, Morgex, AO, VDA, 11017, Italia	45.7556418	7.039175	0.001
47914361	SS26, Pre De Thoulaz, La Salle, AO, VDA, 11017, Italia	45.7462391	7.0709904	0.001
