47557754	Rue Mines de Cogne, Miniera, Cogne, AO, VDA, 11012, Italia	45.6082816	7.3559277	0.001
