14435461	Strada regionale per Bionaz, Aosta, AO, VDA, 11100, Italia	45.8659603	7.4003888	0.001
