19143427	Stazione Ferroviaria di Avise, SS26, Le Cré, Avise, AO, VDA, 11011, Italia	45.7062668	7.1313188	0.12027225158296
19917099	Stazione Ferroviaria di Arvier, Via Corrado Gex, Arvier, AO, VDA, 11011, Italia	45.7041127	7.1666683	0.07374459342567
