120019435	Via don Cesare Pellizzari, Meolo, VE, VEN, Italia	45.6188158	12.4503905078012	0.001
44246428	Via Calnova, Noventa di Piave, VE, VEN, 30027, Italia	45.6650411	12.5362785	0.001
