14344866	palestra miami gym, Via Mantegna, Lavagno, VR, VEN, 37042, Italia	45.418288	11.1364247	0.101
45581652	Gold Gym 2, Via Fiume, San Bonifacio, VR, VEN, 37047, Italia	45.4007267	11.2766745	0.101
