18436295	Piazzale Aldo Moro, Conegliano, TV, VEN, 31015, Italia	45.88495	12.2986981	0.001
15814200	Viale Monte Grappa, Feltre, BL, VEN, 32032, Italia	46.0130376	11.9112882	0.001
17184392	Piazza Libertà, Quartiere Largo Parolini, Bassano del Grappa, VI, VEN, 360612, Italia	45.7666313	11.7341827	0.001
1251470	Via Trento, Pedavena, BL, VEN, 32034, Italia	46.039782	11.880145	0.001
15229012	Via San Pancrazio, Crespano del Grappa, TV, VEN, 31017, Italia	45.8306521	11.8382725	0.001
