77021243	Q8, Via Benacense II, Lizzanella, Rovereto, TN, TAA, 38068, Italia	45.87534665	11.0315511028898	0.001
75087974	SS12, Sant'Ilario, Rovereto, TN, TAA, 38068, Italia	45.9059503	11.0392034238036	0.001
