4427637	Via Ovo, Rione 2 giugno 1946, Riva del Garda, TN, TAA, 38062, Italia	45.9103925	10.8627329	0.001
79357471	Via Albola, Rione 2 giugno 1946, Riva del Garda, TN, TAA, 38066, Italia	45.89668905	10.8437935	0.001
77635250	Via Gardesana, Arco, TN, TAA, 38069, Italia	45.87596	10.87140005	0.001
82658535	SS237, Tione di Trento, TN, TAA, 38079, Italia	46.0366155	10.73362415	0.001
