96597388	Cinema oratorio Concordia, Vicolo del Put Palà, Storo, TN, TAA, 38083, Italia	45.84816725	10.5818544214813	0.101
78259066	Cinema teatro comunale, Via Roma, Tione di Trento, TN, TAA, 38079, Italia	46.03393435	10.7272845946038	0.101
