26344199	Via Lutti, Rione 2 giugno 1946, Riva del Garda, TN, TAA, 38066, Italia	45.8877293	10.8436768	0.001
25649694	Via Mantova, Bolognano, Arco, TN, TAA, 38062, Italia	45.9158255	10.8855989	0.001
