79926897	Enaip Tione di Trento, Via Durone, Tione di Trento, TN, TAA, 38079, Italia	46.03643625	10.7312128111161	0.001
