77005033	Azienda Provinciale per i Servizi Sanitari, Via don Rossaro, Santa Maria, Rovereto, TN, TAA, 38068, Italia	45.892181	11.0410563301016	0.001
21215517	Via Cesare Cavalieri, Isera, TN, TAA, 38068, Italia	45.8847343	11.0085242	0.001
122372731	Via Don Evaristo Bolognani, Cavedine, TN, TAA, Drena, Italia	45.97770115	10.9801936661238	0.001
6806418	Ambulatorio, Via delle Zuccate, Nogaredo, TN, TAA, 38068, Italia	45.9118377	11.0250368	0.001
13236161	Via Roma, Nomi, TN, TAA, 38060, Italia	45.9288376	11.0715411	0.001
