143407585	Ospedale Santa Maria del Carmine, 4, Corso Verona, Santa Maria, Rovereto, TN, TAA, 38068, Italia	45.88190285	11.0414998207458	0.001
73452783	Casa di cura Solatrix, Via Vincenzo Bellini, Brione, Rovereto, TN, TAA, 38068, Italia	45.89764775	11.0455858296535	0.001
77253267	Via Brigata Mantova, Ala, TN, TAA, 38061, Italia	45.7561747	11.0005950325573	0.001
25540617	Guardia Medica, Via Giovanni XXIII, Mori, TN, TAA, 38065, Italia	45.8511471	10.9813247	0.001
