136083977	Via Matilde Serao, Bagnara, Airola, BN, CAM, 82011, Italia	41.06214285	14.56116885	0.001
120835369	Piazza Caduti di Nassiriya, Santa Caterina, Airola, BN, CAM, 82011, Italia	41.06199545	14.5550577691032	0.001
2596484193	Via Fontana, Foglianise, BN, CAM, 82038, Italia	41.1614594	14.6705812	0.001
2596484191	La Fontana, Foglianise, BN, CAM, 82038, Italia	41.1613055	14.6709695	0.001
