140175813	Strada Statale 700 della Reggia di Caserta, Caserta, Tredici, Caserta, CE, CAM, 81100, Italia	41.06499465	14.3616952019964	0.001
13654585	Sottovia V. Nardelli, Caserta, San Benedetto, Caserta, CE, CAM, 81100, Italia	41.0660687	14.3376037	0.001
17157660	Agip Lavaggio a Gettone, ENI, Caserta, Falciano, Caserta, CE, CAM, 81100, Italia	41.0813439	14.354263	0.001
19140547	Via Gennaro Tescione, Caserta, Aldifreda, Caserta, CE, CAM, 81100, Italia	41.0849912	14.3310338	0.001
140180184	Via Sorlati, Portisi, Airola, BN, CAM, 82011, Italia	41.0449763	14.5746779798474	0.001
6672366	SP13, Solopaca, BN, CAM, 82036, Italia	41.1966592	14.5485734	0.001
