27039542	posta, Vico II Umberto Primo, Pignola, PZ, BAS, 85010, Italia	40.5736903	15.786928	0.001
