44814830	Piazza Emilio Caizzo, Castelmezzano, PZ, BAS, Italia	40.5304272	16.0447086	0.001
2596488730	Via della Matine, Tricarico, MT, BAS, 75019, Italia	40.6188751	16.1491651	0.001
2596487807	Piazza Raffaello delle Nocche, Tricarico, MT, BAS, 75019, Italia	40.6242213	16.1436988	0.001
