43646964	Poste Italiane, Via Nitti, Senise, PZ, BAS, 85038, Italia	40.1485141	16.285605	0.001
3808028	SP4, San Severino Lucano, PZ, BAS, Italia	40.0197503	16.1380395	0.001
