28084979	Piazza Vittorio Emanuele II, Pignola, PZ, BAS, 85010, Italia	40.5738759	15.7872331	0.001
28163764	Via Umberto I, Pignola, PZ, BAS, 85010, Italia	40.573795	15.786867	0.001
2602490406	Dente del Diavolo, Pignola, PZ, BAS, 85010, Italia	40.5703149	15.8050328	0.001
26370941	Banca Popolare di Bari, Via San Vito, Tito, PZ, BAS, Italia	40.5855721	15.6748784	0.001
24545373	SS95, Tito, PZ, BAS, Italia	40.5997734	15.6917707	0.001
25963015	Banca Sviluppo, SS95, Tito, PZ, BAS, Italia	40.5867733	15.6771344	0.001
26526142	BCC di Sassano, Strada Comunale Picerno-Pignola, Tito, PZ, BAS, Italia	40.6034786	15.6955633	0.001
