18190314	UBI Banca Carime, Viale Dante Alighieri, Potenza, PZ, BAS, 85100, Italia	40.6367696	15.8037374	0.001
13773316	Banca d'Italia, Via Pretoria, Potenza, PZ, BAS, 85100, Italia	40.6389262	15.8050482	0.001
21077971	Monte dei Paschi di Siena, Viale Guglielmo Marconi, Potenza, PZ, BAS, 85100, Italia	40.6330132	15.804024	0.001
50654420	Viale Firenze, Potenza, PZ, BAS, 85100, Italia	40.646036	15.799713	0.001
4289772	Banca Popolare di Bari, Ponte Musumeci, Potenza, PZ, BAS, 85100, Italia	40.6292263	15.8043479	0.001
46181674	Piazza Giacomo Matteotti, Potenza, PZ, BAS, 85100, Italia	40.6390259	15.8052854	0.001
47778432	Via Lazio, Potenza, PZ, BAS, 85100, Italia	40.6486473	15.8011837	0.001
