112486819	bar, sentiero Frassati, Sasso di Castalda, PZ, BAS, Italia	40.48837295	15.6775750342497	0.111
10044302	SS598, Marsico Nuovo, PZ, BAS, 85052, Italia	40.4014994	15.7397303	0.001
