32916956	Strada Provinciale di Pietrapertosa, Pietrapertosa, PZ, BAS, Italia	40.5190619	16.0630062	0.001
43261451	Piazza Emilio Caizzo, Castelmezzano, PZ, BAS, Italia	40.5304623	16.0464019	0.001
2597754165	via r. scotellaro, Tricarico, MT, BAS, 75019, Italia	40.6191055	16.1485136	0.001
2597115934	via r. scotellaro, Tricarico, MT, BAS, 75019, Italia	40.6228814	16.1444462	0.001
2597759965	via r. scotellaro, Tricarico, MT, BAS, 75019, Italia	40.6199945	16.14788585	0.001
2597446501	Via della Matine, Tricarico, MT, BAS, 75019, Italia	40.6187184	16.1494613	0.001
2596526471	Via Appia, Albano di Lucania, PZ, BAS, Italia	40.6148353	16.1468871	0.001
42303409	Piazza Caduti, San Mauro Forte, MT, BAS, Italia	40.4867477	16.252167	0.001
