33401629	Alberga, Pietrapertosa, PZ, BAS, Italia	40.5045119	16.1048688	0.001
129501477	Piazza Emilio Caizzo, Castelmezzano, PZ, BAS, Italia	40.5302569	16.0466537	0.001
2597793820	via r. scotellaro, Tricarico, MT, BAS, 75019, Italia	40.6195306	16.1481016	0.001
