8384828	Bar Colosseo, 20, Via Nazionale, Tolve, PZ, BAS, 85017, Italia	40.6966039	16.0191753	0.001
