49795442	Viale delle Medaglie Olimpiche, Potenza, PZ, BAS, 85100, Italia	40.6581176	15.8046838	0.001
22107398	Via del Gallitello, Potenza, PZ, BAS, 85100, Italia	40.6296493	15.7921946	0.001
43660221	il Nido, Via Pienza, Potenza, PZ, BAS, 85100, Italia	40.6437007	15.7958727	0.001
22285364	Gran Caffè Italia, Via Pretoria, Potenza, PZ, BAS, 85100, Italia	40.6380497	15.8023037	0.001
