33102842	Autostrada A3 Napoli-Reggio Calabria, Lauria, PZ, BAS, 85040, Italia	40.0168306	15.8996259	0.001
25420686	Break bar, Largo Plebiscito, Lauria, PZ, BAS, 85044, Italia	40.0512054	15.8387022	0.001
