17656241	Casino Venusio, Matera, MT, BAS, Italia	40.6027343	16.6682274	0.35
17408674	Casino Irene, Montescaglioso, MT, BAS, Italia	40.5896419	16.6815465	0.35
