25214138	Casino Plasmati, Matera, MT, BAS, Italia	40.6659571	16.4474469	0.35
