2597574857	dentista, via r. scotellaro, Tricarico, MT, BAS, 75019, Italia	40.6210297	16.1479103	0.101
