40254786	Strada provinciale delle Calabrie, Lauria, PZ, BAS, 85044, Italia	40.067885	15.8018212	0.001
136886909	Via Casaletto, Lauria, PZ, BAS, 85044, Italia	40.04114735	15.83599455	0.001
