132312035	Piazza Emilio Caizzo, Castelmezzano, PZ, BAS, Italia	40.53029855	16.0466362365855	0.001
