27330254	medico, Traversa Aldo Moro, Pignola, PZ, BAS, 85010, Italia	40.5768554	15.7814159	0.001
26186913	SP146, Marsico Nuovo, PZ, BAS, 85050, Italia	40.5070338	15.7651584	0.001
