14664622	Fontana Vecchia, no. 1, Maratea, PZ, BAS, Italia	39.9948714	15.7256774	0.001
14335763	SS18, Maratea, PZ, BAS, Italia	39.9948672	15.7032349	0.001
14196516	no. 1, Maratea, PZ, BAS, Italia	39.9936648	15.7223129	0.001
14921983	no. 3, Maratea, PZ, BAS, Italia	39.9936883	15.7146887	0.001
21511277	no. 1-2, Maratea, PZ, BAS, Italia	39.9924073	15.7209574	0.001
