1220451	Alberga, Pietrapertosa, PZ, BAS, Italia	40.5113281	16.0782503	0.001
129803966	Piazza Emilio Caizzo, Castelmezzano, PZ, BAS, Italia	40.53033845	16.0465889851281	0.001
47394652	Via Tilea, Grassano, MT, BAS, 75014, Italia	40.6333266	16.2838157	0.001
