24876170	Ospedale di Tinchi, SP154, Pisticci, MT, BAS, Italia	40.3604072	16.6476908	0.001
