42853883	ASL, Via Papa Giovanni XIII, Senise, PZ, BAS, 85038, Italia	40.147868	16.2891252	0.001
