115872424	Ospedale  Domenico Lentini, Viale XXV Aprile, Lauria, PZ, BAS, 85044, Italia	40.05191245	15.8386013635003	0.001
