2596649180	piazza dell'emigrante, Tricarico, MT, BAS, 75019, Italia	40.6218651	16.1469828	0.001
