121205366	Piazza Mercato, Via Giacinto Albini, Picerno, PZ, BAS, Italia	40.64042305	15.6459515335399	0.001
