48469240	Cerrotti, 162, Corso Umberto Primo, Bernalda, MT, BAS, 75012, Italia	40.4095797	16.6887038	0.001
51277372	Palumbo, 199, Corso Umberto Primo, Bernalda, MT, BAS, 75012, Italia	40.4112817	16.6896492	0.001
