27390818	Farmacia Giacovazzo, 1/3/5, Via Fratelli Perito, Pignola, PZ, BAS, 85010, Italia	40.574176	15.7838242	0.001
24862172	SS95, Tito, PZ, BAS, Italia	40.5836002	15.6771173	0.001
