3975693	SPex SS92, Terranova di Pollino, PZ, BAS, Italia	39.9802752	16.2940036	0.001
3928340	SP4, San Severino Lucano, PZ, BAS, Italia	40.0189138	16.1382872	0.001
