116846720	Corpo Forestale dello Stato, SP26, Lagonegro, PZ, BAS, 85042, Italia	40.13072025	15.7607319714475	0.001
