2597765529	Carabinieri, Via Guglielmo Marconi, Pignola, PZ, BAS, 85010, Italia	40.57460555	15.7835799	0.001
30813113	Polizia Municipale, Via Risorgimento, Pignola, PZ, BAS, 85010, Italia	40.5747385	15.7842871	0.001
2597765530	Corpo Forestale dello Stato, SP5, Pignola, PZ, BAS, 85010, Italia	40.5747086	15.7831397302022	0.001
115351937	Via Convento, Tito, PZ, BAS, Italia	40.5827998	15.6796067915757	0.001
118186378	Via Umberto I, Tito, PZ, BAS, Italia	40.58174035	15.6754719	0.001
