29128193	SoleLuna, Via Appia, Bella, PZ, BAS, Italia	40.692624	15.5761758	0.001
