50514993	Globlins, Piazza Mario Pagano, Potenza, PZ, BAS, 85100, Italia	40.63843	15.80199	0.001
49595741	I 2 boccali, Via Albert Lutuli, Potenza, PZ, BAS, 85100, Italia	40.656217	15.807333	0.001
50406591	Via Messina, Potenza, PZ, BAS, 85100, Italia	40.649827	15.793362	0.001
