38251515	La Taverna del Brigante, SP4, Chiaromonte, PZ, BAS, Italia	40.05542	16.1282025	0.001
42334303	Via Orazio, Senise, PZ, BAS, 85038, Italia	40.1498938	16.2872017	0.001
44542648	Via Alcide De Gasperi, Senise, PZ, BAS, 85038, Italia	40.1493427	16.2874855	0.001
3740172	SP4, Viggianello, PZ, BAS, Italia	40.0159689	16.1176445	0.001
4861166	Tre Kartuce, SP107, Francavilla in Sinni, PZ, BAS, Italia	40.0364178	16.3060349	0.001
3740751	Luna Rossa, SPex SS92, Terranova di Pollino, PZ, BAS, Italia	39.9773813	16.297248	0.001
3975211	Pizzeria, SP4, San Severino Lucano, PZ, BAS, Italia	40.0191784	16.1369288	0.001
