26258786	Napul'è, Via Cirillo, Pisticci, MT, BAS, Italia	40.3905468	16.5583284	0.001
25380576	La lanterna, Corso Metaponto, Pisticci, MT, BAS, Italia	40.3889716	16.5626405	0.001
51331594	Zelmira 77, Via Diogene, Bernalda, MT, BAS, 75012, Italia	40.4069123	16.6864332	0.001
