135708426	Istituto Professionale, Via Puglia, Policoro, MT, BAS, 75025, Italia	40.20399065	16.6677127803931	0.001
136562062	Liceo Scientifico  E. Fermi, Via Puglia, Policoro, MT, BAS, 75025, Italia	40.21171285	16.6738738476411	0.001
135709977	Scuola Elementare, Via Puglia, Policoro, MT, BAS, 75025, Italia	40.21196955	16.6750069073966	0.001
132883647	Scuola Media, Via Puglia, Policoro, MT, BAS, 75025, Italia	40.20718805	16.6704637750368	0.001
