120924333	Via Gaetano Donizetti, Montescaglioso, MT, BAS, 75024, Italia	40.55317895	16.6639311349317	0.001
