7594063	Potenza Centrale, Viale Guglielmo Marconi, Potenza, PZ, BAS, 85100, Italia	40.6294883	15.8067793	0.32023326301932
6899719	Avigliano Lucania, Via Lavangone, Potenza, PZ, BAS, Italia	40.7149608	15.7851626	0.25247139157771
6593883	Potenza Santa Maria, Via Angilla Vecchia, Potenza, PZ, BAS, 85100, Italia	40.6455797	15.8010199	0.1901800738083
6947844	Potenza Città, Corso Giuseppe Garibaldi, Potenza, PZ, BAS, 85100, Italia	40.6385168	15.8096917	0.18177847009039
6694817	Tiera, Via Quattro Tornanti - ex SS 93, Potenza, PZ, BAS, 85100, Italia	40.6869995	15.8203598	0.17714730829695
6797505	Potenza Inferiore Scalo, Viale del Basento, Potenza, PZ, BAS, 85100, Italia	40.6281592	15.8024939	0.17714730829695
6922968	Potenza Superiore, Via Angilla Vecchia, Potenza, PZ, BAS, 85100, Italia	40.6457869	15.8010491	0.10803387666472
7016603	Potenza Università, Via La Marmora, Potenza, PZ, BAS, 85100, Italia	40.6432323	15.8117778	0.001
