123153214	Studio Osteopatico Fittipaldi, 145, Via Olivella, Lauria, PZ, BAS, 85044, Italia	40.0486945	15.8414934751287	0.101
