112928039	teatro, sentiero Frassati, Sasso di Castalda, PZ, BAS, Italia	40.48678715	15.6774213146629	0.001
