6326790	Banca Apulia, Via America, Termoli, CB, MOL, 86039, Italia	41.9978911	14.9834183	0.001
11314514	Corso Nazionale, Termoli, CB, MOL, 86039, Italia	41.9990504	14.9950025	0.001
