144694039	Credito Cooperativo, SP162, Gambatesa, CB, MOL, Italia	41.508644	14.9147763834319	0.001
