2473045	Unicredit Banca, SP163, Palata, CB, MOL, Italia	41.8891738	14.7846409	0.001
