29815189	Bar Centrale, Via IV Novembre, Rotello, CB, MOL, 86047, Italia	41.7475334	15.0053193	0.101
6645859	SP40, Sant'Elia a Pianisi, CB, MOL, Italia	41.6639318	14.9700746	0.001
