45313376	Via Sotto Palazzo, Oratino, CB, MOL, Italia	41.5861581	14.5845901	0.001
