42740243	Piazza Vittorio Verdone, Mirabello Sannitico, CB, MOL, 86100, Italia	41.5162054	14.6747403	0.001
44921482	Via Foggia, Mirabello Sannitico, CB, MOL, 86100, Italia	41.5159893	14.6745269	0.001
