19731599	SP68, Monteverde, Scuola Pitti, Bojano, CB, MOL, 86021, Italia	41.5242327	14.4649928	0.001
