144861727	Autolavaggio Molise, Via Puglia, Campobasso, CB, MOL, 86100, Italia	41.56256825	14.6837018640293	0.001
133137260	Via Lazio, Campobasso, CB, MOL, 86100, Italia	41.55216235	14.6808406589658	0.001
135821315	Tangenziale Est, Campobasso, CB, MOL, 86100, Italia	41.5664861	14.682105925457	0.001
