20446587	Strada Statale 16 Adriatica, Termoli, CB, MOL, 86039, Italia	41.9753536	15.0104468	0.001
