137117634	Casino Magliano, Strada Statale 87 Sannitica, Larino, CB, MOL, 86035, Italia	41.813849	14.931752060564	0.101
