22355026	Casino del Duca, Bojano, CB, MOL, Italia	41.4929124	14.4997185	0.35
