30704816	Casino di Altobello, Busso, CB, MOL, Italia	41.5494147	14.6037599	0.35
