131522656	Poliambulatorio 118, Via Molise, Santa Croce di Magliano, CB, MOL, 86047, Italia	41.7133414	14.9909033487665	0.001
