17628833	Piazza Roma, Giudecca, Case Prusciello, Bojano, CB, MOL, 86021, Italia	41.4829853	14.470994	0.001
115610925	Largo Duomo, Giudecca, Case Prusciello, Bojano, CB, MOL, 86021, Italia	41.48210035	14.4728145	0.001
115154431	Corso Francesco Amatuzio, Case San Bartolomeo, Case Prusciello, Bojano, CB, MOL, 86021, Italia	41.48793705	14.4742733212413	0.001
141220329	Piazza Roma, Giudecca, Case Prusciello, Bojano, CB, MOL, 86021, Italia	41.48303525	14.4716283988005	0.001
143490678	Corso dei Pentri, Giudecca, Case Prusciello, Bojano, CB, MOL, 86021, Italia	41.48203585	14.4730048	0.001
105066134	Fontana del Grifo, Decumanus Maximus, Cantoni, Sepino, CB, MOL, 86017, Italia	41.4327223	14.6181144051157	0.001
40839163	Bocca della Selva-Sepino, Ponte di Tavole, Sepino, CB, MOL, 86017, Italia	41.4127093	14.6150235	0.001
47026134	SP67, Campochiaro, CB, MOL, 86020, Italia	41.4480029	14.5090069	0.001
136255525	SP95, San Polo Matese, CB, MOL, 86020, Italia	41.4644162	14.5018239550505	0.001
