51792803	Fontana sannita, Piazza Municipio, Civitacampomarano, CB, MOL, Italia	41.7805525	14.6912054	0.001
41887516	SP73, San Biase, CB, MOL, Italia	41.7431662	14.6468432	0.001
