85164383	Tratturo Lucera - Castel di Sangro, Chiauci, IS, MOL, 86097, Italia	41.62956505	14.39131775	0.001
