53631824	Via Casa Bucci, Pozzilli, IS, MOL, Italia	41.5135564	14.0646588	0.001
