14218772	Via Insorti d'Ungheria, Campobasso, CB, MOL, 86100, Italia	41.5633486	14.6654941	0.001
45142857	Piazza Vittorio Veneto, Mirabello Sannitico, CB, MOL, 86100, Italia	41.5156409	14.6747763	0.001
35801342	Via Roma, Mirabello Sannitico, CB, MOL, 86100, Italia	41.5154648	14.6720616	0.001
