75319012	Ospedale Civile  San Timoteo, Via Ischia, Termoli, CB, MOL, 86039, Italia	41.98849225	14.9914495590143	0.001
