123794125	Mercato Coperto, Via Benevento, Campobasso, CB, MOL, 86100, Italia	41.5596353	14.6573498848021	0.001
