28301876	Molise, Via Calabria, Campobasso, CB, MOL, 86100, Italia	41.5591744	14.6805138	0.001
29495259	Valente, 2, Via Vittorio Veneto, Matrice, CB, MOL, 86030, Italia	41.6138105	14.7094322	0.001
