119203887	Carabinieri, 1, Strada Statale 87 Sannitica, Casacalenda, CB, MOL, 86043, Italia	41.7386599	14.8460940460953	0.001
