134442954	Strada Provinciale 51 Litoranea, Petacciato, CB, MOL, 86034, Italia	42.0091798	14.8793786863189	0.001
