2480187	Al Vecchio Frantoio, SP163, Palata, CB, MOL, Italia	41.8897801	14.7852524	0.001
