11792182	Iacovelli, Antonio, Fondo Valle del Tappino, Gambatesa, CB, MOL, Italia	41.5342842	14.8842729	0.001
143598678	Agriturismo Terra e Sapori, 23, Contrada Soglioni, Campodipietra, CB, MOL, 86010, Italia	41.5455815	14.7300625937018	0.001
124209330	Ciocca, Ex SS 17, Jelsi, CB, MOL, 86015, Italia	41.51129905	14.824053501834	0.001
