32019609	Oasi San Nazzaro, SS85 Venafrana, Monteroduni, IS, MOL, 86070, Italia	41.5342936	14.1586818	0.001
122918975	Vecchia Taverna, SS85 Venafrana, Macchia d'Isernia, IS, MOL, 86070, Italia	41.56036525	14.1770582965827	0.001
