73829341	Villa Livia, Tangenziale di Termoli, Termoli, CB, MOL, Italia	42.01091555	14.9187860241527	0.001
44780374	Torre Saracena, Via Amerigo Vespucci, Termoli, CB, MOL, 86039, Italia	42.0086405	14.9598306	0.001
138080127	La Risacca, SS16, Petacciato, CB, MOL, Italia	42.0225478	14.8938810938118	0.001
