132260008	Agriturismo I dolci grappoli, Contrada Ricupo, Larino, CB, MOL, 86035, Italia	41.80562455	14.9448465724715	0.001
46561833	Osteria del Borgo, 44, Via Cluenzio, Larino Vecchia, Larino, CB, MOL, 86035, Italia	41.7991298	14.910953	0.001
45600187	Forum, 42, Via Antonio Gramsci, Larino, CB, MOL, 86035, Italia	41.7964803	14.9182803	0.001
81946783	SP73, Larino, CB, MOL, 86035, Italia	41.7986527	14.9057652813296	0.001
11396604	Le Due Botti, SP80, Larino, CB, MOL, 86035, Italia	41.8241277	14.9061125	0.001
111477461	SP166, Bonefro, CB, MOL, Italia	41.70749865	14.9249535973537	0.001
