137391712	Bella 'mbriana, Tangenziale Est, Campobasso, CB, MOL, 86100, Italia	41.56702005	14.6821231519708	0.001
124472030	Il Ritrovo, Contrada Polese, Campobasso, CB, MOL, 86010, Italia	41.5480062	14.6966988	0.001
143854464	Tenuta Colle San Pietro, 22A, Contrada San Pietro, Campodipietra, CB, MOL, 86010, Italia	41.53785465	14.7202337690778	0.001
120292784	Boccon Divino, Diramazione Galdina, Matrice, CB, MOL, 86030, Italia	41.6195314	14.6993653625483	0.001
