2597415728	Isernia, Piazza della Repubblica, Isernia, IS, MOL, 86170, Italia	41.5971032	14.2353886712888	0.001
19126430	S.Agapito-Longano, SS85 Venafrana, Isernia, IS, MOL, 86170, Italia	41.5617488	14.2190378	0.001
