2597024958	Venafro, Via Volturno, Le Noci, Venafro, IS, MOL, Italia	41.48311635	14.0487082558195	0.001
