16545808	Roccaravindola, SS85 Venafrana, Pozzilli, IS, MOL, Italia	41.5190066	14.1192872	0.001
2597024282	Roccaravindola, SS85 Venafrana, Pozzilli, IS, MOL, Italia	41.51904475	14.1192724442593	0.001
