126124730	Teatro Verde, Via del Molinello, Termoli, CB, MOL, 86039, Italia	41.9946107	14.9949271302393	0.001
