19313156	Via Pistoiese, Campi Bisenzio, FI, TOS, 50013, Italia	43.7952881	11.1509761	0.001
51274920	Via Dante Alighieri, Capraia e Limite, FI, TOS, 50053, Italia	43.7411717	10.9747533	0.001
