24841744	Via di Rimaggio, Torre a Decima, Pontassieve, FI, TOS, Italia	43.8122874	11.4026735	0.001
38812872	Via Sant'Eustachio in Acone, Pontassieve, FI, TOS, Italia	43.8523513	11.4697385	0.001
24143591	533/A, Dicomano, FI, TOS, Italia	44.0003822	11.613085	0.001
