19730943	Piazza della Resistenza, Pontedera, PI, TOS, 56025, Italia	43.6515463	10.6364109	0.001
19566127	Via di Travalda, Pontedera, PI, TOS, 56025, Italia	43.6493416	10.6340613	0.001
48083576	Via Marie Curie, Fucecchio, FI, TOS, 50054, Italia	43.7342018	10.800244	0.001
