135634662	Pista ciclabile Gino Bartali, il Cantiere, Prato, PO, TOS, 59100, Italia	43.8847271	11.1001334847368	0.001
