13904957	Sentiero CAI 6, Colle del Prato, Stazzema, LU, TOS, 55040, Italia	43.9960766	10.3188511	0.001
