51744881	Anello del Rinascimento - Argine del Bisenzio, Signa, FI, TOS, 50058, Italia	43.7840208	11.1027874	0.001
50823686	Via Don Minzoni, Capraia e Limite, FI, TOS, 50053, Italia	43.7440689	10.9815455	0.001
48059157	Piazza O. Bini, Capraia e Limite, FI, TOS, 50053, Italia	43.7440299	10.9815287	0.001
