2602465382	Via Cesare Battisti, San Prospero, Siena, SI, TOS, 53011, Italia	43.3230768	11.3202732	0.001
40860903	Via Lippo Memmi, Ravacciano, Siena, SI, TOS, 53100, Italia	43.325959	11.332997	0.001
2602390390	Piazza Alessandro Manzoni, Ravacciano, Siena, SI, TOS, 53100, Italia	43.3155414	11.3377297	0.001
2602393182	Piazza Guido Chigi Saracini, San Prospero, Siena, SI, TOS, 53100, Italia	43.3275551	11.3260031	0.001
2602393180	Via Campansi, San Prospero, Siena, SI, TOS, 53100, Italia	43.327257	11.3262132	0.001
2602465381	Strada di Pescaia, San Prospero, Siena, SI, TOS, 53011, Italia	43.3230819	11.3202534	0.001
19498055	Strada di Bellaria, Siena, SI, TOS, 53018, Italia	43.3069701	11.232908	0.001
2602467881	Via Carlo Pisacane, San Prospero, Siena, SI, TOS, 53011, Italia	43.3289526	11.319511	0.001
18042728	Via Ambrogio Sansedoni, Uncinello, Siena, SI, TOS, 53011, Italia	43.3363352	11.3029108	0.001
