51626108	Café Letterario, Piazza della Repubblica, Serola, Pontremoli, MS, TOS, 54027, Italia	44.3771733	9.8827413	0.001
13984276	Montaio est, Pontremoli, MS, TOS, 54027, Italia	44.4160092	9.8734952	0.001
13901321	Montaio ovest, Pontremoli, MS, TOS, 54027, Italia	44.4147382	9.8708473	0.001
15000879	Via Tinello, Mulazzo, MS, TOS, 54026, Italia	44.3111967	9.9265525	0.001
14861190	Autostrada della Cisa, Mulazzo, MS, TOS, 54026, Italia	44.3127573	9.9273658	0.001
