130892577	Via Provinciale Orbetellana, Monte Argentario, GR, TOS, 58019, Italia	42.40547085	11.200021175202	0.001
