95671655	I Delfini, Via degli Scarpellini, Lastra a Signa, FI, TOS, 50058, Italia	43.77090775	11.121992598381	0.001
94848893	Via Toscoromagnola Nord, Lastra a Signa, FI, TOS, 50058, Italia	43.7695694	11.1113182766353	0.001
53829894	Via Toscoromagnola Nord, Lastra a Signa, FI, TOS, 50058, Italia	43.769491	11.1192261	0.001
