144922649	Casino Mediceo di San Marco, Via Cavour, Centro storico, Firenze, FI, TOS, 50121, Italia	43.7790436	11.2589156766978	0.37020262461153
144924419	Casino Salviati, Borgo Pinti, Centro storico, Firenze, FI, TOS, 50121, Italia	43.7772207	11.2668721962469	0.32123378027701
