108409874	Via Casino dei Secci, Cerreto Guidi, FI, TOS, 51036, Italia	43.7873844	10.8633007	0.2
