18250731	Circolo Cinematografico Agorà, 20, Via Valtriani, Pontedera, PI, TOS, 56025, Italia	43.6630334	10.6357343	0.101
17115797	Excelsior, Via Cosimo Ridolfi, Empoli, FI, TOS, 50053, Italia	43.7207459	10.9479239	0.046527658157285
16445251	La Perla, Via dei Neri, Empoli, FI, TOS, 50053, Italia	43.71872	10.9472079	0.001
126718755	Cineplex, Via dei Pratacci, Pontedera, PI, TOS, 56025, Italia	43.66756805	10.6484233720679	0.001
