79400742	Via del Cinema, Licciana Nardi, MS, TOS, 54016, Italia	44.2315581	9.9592584	0.2
