3377953	Supercinema, Via Verdi, Carrara, MS, TOS, 54033, Italia	44.0764714	10.1016301	0.101
25422158	Roma, Via Canipaia, Case Bechelli, Barga, LU, TOS, 55051, Italia	44.0751018	10.4814815	0.001
24742440	Puccini, Via Provinciale, Rigali, Barga, LU, TOS, 55052, Italia	44.045861	10.4794246	0.001
