15778670	Via Giacomo Matteotti, Lastra a Signa, FI, TOS, 50058, Italia	43.7689123	11.1061839	0.001
