100715266	Via Francesco Carrara, San Concordio, Lucca, LU, TOS, 55060, Italia	43.839243	10.5013001131011	0.001
