79257331	Palazzo di Giustizia, Viale Alessandro Guidoni, Careggi, Firenze, FI, TOS, 50129, Italia	43.79544825	11.2255014281451	0.23865352680439
