144585025	Tribunale di Pisa, 5, Piazza della Repubblica, San Francesco, Pisa, PI, TOS, 56127, Italia	43.71604605	10.4068038138508	0.093055316314571
