40237676	Casa Della Prevenzione, 59, Via delle Tamerici, Montecatini-Terme, PT, TOS, 51016, Italia	43.8864534	10.7734251	0.001
45847457	6, Via Roma, Ponte Buggianese, PT, TOS, 51019, Italia	43.8400574	10.743757	0.001
99835690	Distretto ASL, 85-87, Via della Libertà, Ponte Buggianese, PT, TOS, 51019, Italia	43.8428334	10.7472504261086	0.001
47425933	Via Biscolla, Massa e Cozzile, PT, TOS, 51019, Italia	43.8609061	10.7636674	0.001
46469493	41-43, Via Giacomo Matteotti, Ponte Buggianese, PT, TOS, 51019, Italia	43.8416629	10.747772	0.001
43407947	9-13, Via Giacomo Puccini, Ponte Buggianese, PT, TOS, 51019, Italia	43.8418409	10.7487215	0.001
