139178286	Strada Provinciale 41 di Peccioli, Peccioli, PI, TOS, 56037, Italia	43.5496881	10.7215586386176	0.001
