113775349	Fonte Gaia, Il Campo, Poggio al Cardinale, Siena, SI, TOS, 53100, Italia	43.3187234	11.33144795	0.21606775332943
122952167	Viale Vittorio Veneto, San Prospero, Siena, SI, TOS, 53011, Italia	43.32108395	11.322587134793	0.001
115399139	Viale Rinaldo Franci, San Prospero, Siena, SI, TOS, 53100, Italia	43.32348505	11.3255604480296	0.001
130142236	Via di Fontebranda, Mulino delle Lame, Siena, SI, TOS, 53100, Italia	43.31861175	11.3267616035961	0.001
17988081	Via Amos Cassioli, Castellare, Asciano, SI, TOS, 53041, Italia	43.2355396	11.5572905	0.001
