140784407	Vicolo Delle Botti, Capraia e Limite, FI, TOS, 50053, Italia	43.74113005	10.97519325	0.001
