48797402	Piazza della Stazione, San Giusto, Pisa, PI, TOS, 56125, Italia	43.7088519	10.3986774	0.001
2596726657	Via delle Eriche, Podere Lamone, Pisa, PI, TOS, 56018, Italia	43.6285749	10.3051409204163	0.001
90569046	Piazza della Stazione, San Giusto, Pisa, PI, TOS, 56125, Italia	43.70885395	10.39867135	0.001
6440182	Largo Caduti di Cefalonia div. Aqui, La Cella, Pisa, PI, TOS, 56124, Italia	43.7099596	10.4102292	0.001
121914271	Via Piave, Calcinaia, PI, TOS, 56012, Italia	43.67025405	10.5796358786723	0.001
39411462	Piazza Cavalca, Vicopisano, San Iacopo, Vicopisano, PI, TOS, 56012, Italia	43.6992524	10.5835288	0.001
