6470786	B2K Balena 2000, Via Gustavo Modena, Viareggio, LU, TOS, 55049, Italia	43.867451	10.2420707	0.001
