18674388	Via Buggianese, Ponte Buggianese, PT, TOS, 51019, Italia	43.84404	10.7467901	0.001
