120693879	Top Gym, Via Martiena, Monte Melio, Montepulciano, SI, TOS, 53045, Italia	43.09578105	11.7908435987658	0.101
