18407051	Via Trento, Abbadia San Salvatore, SI, TOS, 53021, Italia	42.8821069	11.6737226	0.001
128752834	Ambulatorio ASL 9 Siena, via Corsica, Santa Fiora, GR, TOS, 58037, Italia	42.83362825	11.589118592421	0.001
