139724851	Mercato coperto, Via Ruggiero Leoncavallo, Montecatini-Terme, PT, TOS, 51016, Italia	43.88347545	10.7665937837858	0.001
102628070	Via Italo Spadoni, Ponte Buggianese, PT, TOS, 51019, Italia	43.84110255	10.7483803414259	0.001
