107244098	Gelateria Angiolino, Via della Santissima Annunziata, San Concordio, Lucca, LU, TOS, 55060, Italia	43.85839145	10.5416829585495	0.001
100906658	Via Antonio Mordini, San Concordio, Lucca, LU, TOS, 55100, Italia	43.84431935	10.5060672227796	0.001
70367976	Mercato Ortofrutticolo, Via della Stazione Vecchia, Viareggio, LU, TOS, 55049, Italia	43.8660864	10.2570234697649	0.001
103052427	Mercato, Via Giuseppe Verdi, Viareggio, LU, TOS, 55049, Italia	43.8704409	10.247767256479	0.001
2597921065	Mercato Ittico, Via Luigi Salvatori, Viareggio, LU, TOS, 55049, Italia	43.85669195	10.2429021750811	0.001
118444077	mercato di Marlia, Via San Martino, Capannori, LU, TOS, 55018, Italia	43.88703955	10.5528100375638	0.001
