10498185	Strada Statale 62 della Cisa, Filattiera, MS, TOS, 54027, Italia	44.3497698	9.9074861	0.001
