99277254	Via dei Macelli, Case Bergamo, Pistoia, PT, TOS, 2, Italia	43.93901625	10.9153738271114	0.001
102203381	Casa Circondariale, Via dei Macelli, Case Bergamo, Pistoia, PT, TOS, 2, Italia	43.93897845	10.9153613931748	0.001
134177411	Via del Tiro a Segno, Barignano, Pescia, PT, TOS, 51012, Italia	43.8823813	10.6687059490768	0.001
