106784332	Carcere di Massa, Via Camponuovo, Massa, MS, TOS, 54100, Italia	44.0237736	10.1403609494783	0.001
