113414369	Carcere la Dogaia, Via la Montagnola, Narnali, Prato, PO, TOS, 59100, Italia	43.90365725	11.0644935176885	0.001
