142870749	Fortezza Medicea, Via di Castello, Le Cetine, Volterra, PI, TOS, 56048, Italia	43.4000299	10.8652136989734	0.13958297447186
