15873206	Irish Soul Pub, Piazza del Sale, Grosseto, GR, TOS, 58100, Italia	42.7586586	11.114119	0.101
17385052	13 Gobbi Pub, Via Mazzini, Grosseto, GR, TOS, 58100, Italia	42.7591074	11.1139759	0.101
19275476	Bar Zero, Via Scansanese, Grosseto, GR, TOS, 58100, Italia	42.7609443	11.1200269	0.001
