103288753	Strada Statale 12 dell'Abetone e del Brennero, Piteglio, PT, TOS, 51028, Italia	44.06714785	10.7648238996864	0.001
