45860871	Prato Centrale, Via Gino Luzzatto, Sant'Anna, Prato, PO, TOS, 59100, Italia	43.878958	11.1094045	0.32410162999415
