267225	Pisa Centrale, Piazza della Stazione, San Giusto, Pisa, PI, TOS, 56125, Italia	43.7079399	10.3981613	0.34067216745114
23035040	Pisa San Rossore, Via Mino Rosi, Porta a Lucca, Pisa, PI, TOS, 56123, Italia	43.7234414	10.3875194	0.18177847009039
