70173825	Teatro Comunale, Via della Repubblica, Erede, Barberino di Mugello, FI, TOS, 50031, Italia	43.99991575	11.2381357029816	0.046527658157285
46541520	Teatro Mascagni, Via delle Corti, Piteglio, PT, TOS, 51028, Italia	44.0442447	10.752162	0.001
