15647553	Teatro del Silenzio, Strada Vicinale dell'Uccelliera, Lajatico, PI, TOS, Italia	43.4688507	10.7384856	0.22830612824767
131687114	Via Garibaldi, Peccioli, PI, TOS, 56037, Italia	43.54398645	10.7241900819696	0.001
145002909	Via di Legoli, Peccioli, PI, TOS, 56037, Italia	43.57210235	10.7951574265088	0.001
