82494192	Giuseppe Verdi, Via Giuseppe Verdi, San Francesco, Pisa, PI, TOS, 56127, Italia	43.7169618	10.4044575149807	0.29414450929386
95075412	La città del Teatro, 656, Via Tosco Romagnola, Cascina, PI, TOS, 56021, Italia	43.67893265	10.5341736094348	0.093055316314571
82469520	San Andrea, Via del Cuore, San Francesco, Pisa, PI, TOS, 56127, Italia	43.71622465	10.4057678213691	0.07374459342567
23202346	Teatro Rossi, Via del Collegio Ricci, Santa Maria, Pisa, PI, TOS, 56126, Italia	43.7175738	10.3973686	0.001
