137721934	Teatro Persio Flacco, 37, Via dei Sarti, Le Cetine, Volterra, PI, TOS, 56048, Italia	43.4029888	10.8607881499265	0.001
137255821	Via delle Moje Vecchie, Saline di Volterra, PI, TOS, Italia	43.360421	10.8130240418377	0.001
