6041308	Teatro Metastasio, Vicolo Fior di Vetta, il Cantiere, Prato, PO, TOS, 59100, Italia	43.8797231	11.0994743	0.22603047907589
135335452	Politeama, 33, Via Giuseppe Garibaldi, il Cantiere, Prato, PO, TOS, 59100, Italia	43.8813515	11.0993984419679	0.13958297447186
5689497	Teatro Fabbricone, Via Emilio Abati, il Cantiere, Prato, PO, TOS, 59100, Italia	43.8907715	11.1001677	0.12027225158296
