107832180	Pistoia Nursery Campus, 116, Via Bonellina, Pistoia, PT, TOS, 2, Italia	43.91547495	10.9171805987742	0.001
