17427713	Postomat, Via della Conciliazione, Siderno, RC, CAL, 89048, Italia	38.2663806	16.2953966	0.001
47810139	Postamat, d'Aspromonte, Cosoleto, RC, CAL, 89027, Italia	38.2627286	15.8568204	0.001
