49945697	Corso Vittorio Emanuele, Tropea, VV, CAL, 89861, Italia	38.6781917	15.8974776	0.001
25028195	SP149, Cardinale, CZ, CAL, 88060, Italia	38.6448052	16.3846876	0.001
23685667	Poste Italiane, Via Antonio Gramsci, Serra San Bruno, VV, CAL, 89822, Italia	38.5767458	16.329854	0.001
33375620	Strada statale 182 delle Serre Calabre, Soriano Calabro, VV, CAL, 89831, Italia	38.5986653	16.2263461	0.001
