17563553	Stazione di servizio Zerilli, Santa Maria, Catanzaro, CZ, CAL, 88100, Italia	38.8622697	16.5674635	0.001
16885090	Viale Crotone, Catanzaro, CZ, CAL, 88063, Italia	38.8454446	16.6546437	0.001
16931625	Viale Europa, Santa Maria, Catanzaro, CZ, CAL, Italia	38.8428647	16.5842086	0.001
28129099	Viale Enrico Berlinguer, Pianopoli, CZ, CAL, 88040, Italia	38.9415232	16.3791736	0.001
29006751	SP80, Pianopoli, CZ, CAL, 88040, Italia	38.9282464	16.3607257	0.001
129316697	Via Berlino, Villaggio Stumio, Isola di Capo Rizzuto, KR, CAL, 88841, Italia	38.9546374	17.0933663060127	0.001
45145093	Via India, Villaggio Stumio, Isola di Capo Rizzuto, KR, CAL, 88841, Italia	38.9579652	17.0912492	0.001
