125587342	Cinema  Garibaldi, Via Immacolata, Polistena, RC, CAL, 89024, Italia	38.40843735	16.073731698328	0.101
