15111974	vittoria, Via Giovanni Verga, Diamante, CS, CAL, 87023, Italia	39.6774769	15.8214436	0.001
