98860311	Viale Tommaso Campanella, Gagliano, Catanzaro, CZ, CAL, 88100, Italia	38.91216515	16.5713908936098	0.001
99223966	Viale Tommaso Campanella, Pontepiccolo, Catanzaro, CZ, CAL, 88100, Italia	38.907485	16.5775354290176	0.001
