98206448	Liceo Scientifico G. B. Scorza, Viale Giacomo Mancini, Cosenza, CS, CAL, 87100, Italia	39.3107622	16.2542130016611	0.001
100408292	Via Asmara, Cosenza, CS, CAL, 87100, Italia	39.2913744	16.2522759598449	0.001
98560713	Liceo Scientifico Enrico Fermi, Via XXIV Maggio, Cosenza, CS, CAL, 87100, Italia	39.3014681	16.254702861902	0.001
