131878512	Via Giovan Battista Romei, Vibo Valentia, VV, CAL, 89900, Italia	38.67482075	16.1062704	0.001
130902505	SS18, Vibo Valentia, VV, CAL, 89900, Italia	38.6710194	16.087293956529	0.001
