100964093	Tribunale di Cosenza, Via dei Mille, Cosenza, CS, CAL, 87100, Italia	39.3108889	16.2507429271698	0.001
