44990988	Postazione 118, d'Aspromonte, Melicuccà, RC, CAL, 89027, Italia	38.2627412	15.8505636	0.001
