46971204	Piazza Gesú Maestro, Verbicaro, CS, CAL, 87020, Italia	39.7588245	15.9118638	0.001
