50497951	Guardia Medica, Via Pasubio, Dinami, VV, CAL, 89833, Italia	38.529916	16.1453343	0.001
33136409	Dott. Vincenzo Catania, Via San Sebastiano, Gerocarne, VV, CAL, 89831, Italia	38.5866021	16.2200261	0.001
32648215	SP60, Gerocarne, VV, CAL, 89831, Italia	38.5875684	16.2182906	0.001
42826751	Guadia medica, via Armando Diaz, San Pietro di Caridà, RC, CAL, 89833, Italia	38.5249736	16.1328846	0.001
