23805624	Fontana Piazza Matteotti, Piazza Matteotti, Acri, CS, CAL, 870414, Italia	39.4910923	16.3830241	0.001
2597663044	SP238, Santa Sofia d'Epiro, CS, CAL, Italia	39.5439164	16.335278	0.001
2597663043	SP237, Santa Sofia d'Epiro, CS, CAL, Italia	39.5431267	16.3274012	0.001
