18617171	Lungomare Ruggero di Louria, Scalea, CS, CAL, 87029, Italia	39.814354	15.7879872	0.001
127838338	Fontana dei leoni, Via del Popolo, Cassano allo Ionio, CS, CAL, 87011, Italia	39.7857829	16.3181392196216	0.001
