17327461	Guardia Medica, Largo Spinelli, Palmi, RC, CAL, 89015, Italia	38.3978575	15.8653719	0.001
31169229	Presidio Ospedaliero  Santa Maria degli Ungheresi, Via Montegrappa, Polistena, RC, CAL, 89024, Italia	38.4096412	16.0763122	0.001
16364064	Guardia Medica, Via Preiato, Pazzano, RC, CAL, Italia	38.4746747	16.4533866	0.001
133501368	SS18, Vibo Valentia, VV, CAL, 89900, Italia	38.67943945	16.1036511471246	0.001
128463898	Azienda Sanitaria Provinciale Catanzaro Polo Sanitario, SP146, Gagliato, CZ, CAL, 88064, Italia	38.68144245	16.4202526333656	0.001
130074431	Struttura Medici di Base convenzionati, SP1721 II, Centrache, CZ, CAL, 88064, Italia	38.68289075	16.4058213946884	0.001
123612698	SP60, Gerocarne, VV, CAL, 89831, Italia	38.59897585	16.2222494009475	0.001
