15048936	Pronto Soccorso, Via Felice Migliori, Cosenza, CS, CAL, 87100, Italia	39.2930342	16.2490369	0.001
88208462	Ospedale di Cosenza, Viale della Repubblica, Cosenza, CS, CAL, 87100, Italia	39.29420395	16.2484417233018	0.001
122992247	ASL, Via Leonardo Da Vinci, Rende, CS, CAL, 87036, Italia	39.35865315	16.2418608015716	0.001
18079470	Pronto soccorso, Via Vallone, San Giovanni in Fiore, CS, CAL, 87055, Italia	39.2508771	16.6978337	0.001
99812079	Via Vallone, San Giovanni in Fiore, CS, CAL, 87055, Italia	39.25085645	16.6974628779994	0.001
128053030	San Francesco di Paola, Via Sottopromintesta, Paola, CS, CAL, 87027, Italia	39.3540696	16.0401113320946	0.001
50909140	Casa di cura Villa Igea, SP35, San Fili, CS, CAL, Italia	39.3443572	16.1544632	0.001
135101847	Via Palmiro Togliatti, Cirò Marina, KR, CAL, 88811, Italia	39.3650845	17.1251631401571	0.001
