125774385	Ospedale Civile Nicola Giannettasio, Via Salerno, Rossano, CS, CAL, 87068, Italia	39.59635025	16.6374676748393	0.001
124129057	Via Simone da Bisignano, Bisignano, CS, CAL, Italia	39.5138848	16.286788	0.001
22631611	Presidio ospedalaliere Beato Angelo, Via Ippocrate, Acri, CS, CAL, 87041, Italia	39.4914873	16.3893333	0.001
122299755	Via Ippocrate, Acri, CS, CAL, 87041, Italia	39.49140615	16.3893447151624	0.001
