17602331	Basile, Corso Mediterraneo, Scalea, CS, CAL, 87029, Italia	39.8100403	15.7898476	0.001
18482143	Via Tommaso Campanella, Scalea, CS, CAL, 87029, Italia	39.8135307	15.7929375	0.001
