86810847	Farmer Market, Via Giovanni Verga, Passovecchio, Crotone, KR, CAL, 88048, Italia	39.08135785	17.1167395332297	0.001
141757453	Mercato dei Portici  La Piazzetta, Passovecchio, Crotone, KR, CAL, 88048, Italia	39.0802789	17.128014925016	0.001
86401577	Mercato Rionale, Passovecchio, Crotone, KR, CAL, 88048, Italia	39.0794194	17.1212609091917	0.001
18248264	Mercato, Via Genova, Amantea, CS, CAL, 87032, Italia	39.1323061	16.0756182	0.001
