113276404	Piazza del Popolo, Ravagnese, Reggio di Calabria, RC, CAL, 89123, Italia	38.11716325	15.6538836803086	0.001
16897205	SP69, Caraffa del Bianco, RC, CAL, 89032, Italia	38.0816068	16.1233667	0.001
