24118584	Polizia Municipale, Via Fausto Gullo, Acri, CS, CAL, 870414, Italia	39.4914437	16.3847578	0.001
22581614	Carabinieri di Acri, Via Roma, Acri, CS, CAL, 870414, Italia	39.4896784	16.3827645	0.001
