86421566	Carcere di Cosenza, Via Gabriele Barrio, Cosenza, CS, CAL, 87100, Italia	39.3200371	16.2534010281081	0.001
125590389	Via Casale, Paola, CS, CAL, 87026, Italia	39.32498185	16.045902719747	0.001
