83618431	Autostrada A3 Napoli-Reggio Calabria, Castrovillari, CS, CAL, 87012, Italia	39.83602485	16.2210616020996	0.001
