48433440	106 Street, Via Nazionale SS106, Caulonia, RC, CAL, Italia	38.3438759	16.4666807	0.001
14644140	Via II Circonvallazione, Taurianova, RC, CAL, 89029, Italia	38.3499369	16.0055194	0.001
50324425	Codice Blau, 50, Via Roma Nuova, Roccella Ionica, RC, CAL, 89047, Italia	38.3234231	16.4098464	0.001
