13957176	Parnasso Pub, Viale Roma, Stilo, RC, CAL, Italia	38.4752667	16.4645255	0.101
20859641	Via Dottor Pasquale Jemma, Polistena, RC, CAL, 89024, Italia	38.4066798	16.0760397	0.001
24706635	SP149, Cardinale, CZ, CAL, 88060, Italia	38.6430435	16.3876754	0.001
