10789316	West Pub, Via Leonardo Da Vinci, Rende, CS, CAL, 87036, Italia	39.3540627	16.2424202	0.101
15233819	Jazz Cafè, Via XXIV Maggio, Cosenza, CS, CAL, 87100, Italia	39.3009781	16.2543199	0.001
14401441	Blow, Viale Giacomo Mancini, Cosenza, CS, CAL, 87100, Italia	39.3137131	16.2534193	0.001
31500120	Hamburgeria Eataly, Via V. Alfieri, Rende, CS, CAL, 87036, Italia	39.3401694	16.2469776	0.001
14445508	B-side, Via Silvio Pellico, Rende, CS, CAL, 87036, Italia	39.3345362	16.2386933	0.001
44888855	La Pinta, Via G. Matteotti, Rende, CS, CAL, 87036, Italia	39.3356298	16.2429675	0.001
41988958	Via G. De Chirico, Rende, CS, CAL, 87036, Italia	39.3332207	16.2280092	0.001
41803703	La Birraccia, Via Mameli, Rende, CS, CAL, 87036, Italia	39.3337021	16.2408624	0.001
15341834	Via Falcone e Borsellino, Camigliatello Silano, Spezzano della Sila, CS, CAL, Italia	39.3393087	16.4468947	0.001
