27423958	Via San Giovanni Vecchio, Castrovillari, CS, CAL, 87012, Italia	39.8144808	16.1998725	0.001
141348736	SP 120, Altomonte, CS, CAL, Italia	39.6980928	16.1290653165309	0.001
