48652366	arte pizza, Corso Italia, Bisignano, CS, CAL, Italia	39.4996723	16.2758656	0.001
50937356	pizza si, Corso Italia, Bisignano, CS, CAL, Italia	39.4994239	16.2763779	0.001
50212031	Pinocchio, Corso Italia, Bisignano, CS, CAL, Italia	39.5029919	16.2652682	0.001
48592624	Corso Italia, Bisignano, CS, CAL, Italia	39.5029216	16.2645065	0.001
38703965	SS533, Cetraro, CS, CAL, Italia	39.5377855	15.9020336	0.001
23389799	Ristorante Venere, SP177, Acri, CS, CAL, 87041, Italia	39.4983613	16.3831775	0.001
23861006	Ristorante Romano, SS660, Acri, CS, CAL, Italia	39.4883267	16.389191	0.001
23691028	Old Movie, Via Vincenzo Padula, Acri, CS, CAL, 870414, Italia	39.4886521	16.3830106	0.001
10821040	Agriturismo Vemi, SP237, Santa Sofia d'Epiro, CS, CAL, Italia	39.5466514	16.2996884	0.001
