19162665	Viale Stazione, Passovecchio, Crotone, KR, CAL, 88048, Italia	39.0845047	17.1087643	0.001
16501331	Piazza Pitagora, Passovecchio, Crotone, KR, CAL, 88048, Italia	39.0805759	17.1269432	0.001
25348340	I Portici, Passovecchio, Crotone, KR, CAL, 88048, Italia	39.0806011	17.1274687	0.001
