19393554	Viale Regina Margherita, Passovecchio, Crotone, KR, CAL, 88048, Italia	39.0825832	17.1323127	0.001
19987295	Teatro della Maruca, Via Torino, Passovecchio, Crotone, KR, CAL, 88048, Italia	39.0785358	17.1221384	0.001
34177755	Teatro Comunale di Aiello Calabro, SP245, Aiello Calabro, CS, CAL, 87030, Italia	39.1166522	16.1651213	0.001
125797224	Via San Giuseppe, Cotronei, KR, CAL, Italia	39.16031665	16.7825769393272	0.001
46990813	Teatro Il Piccolo, SS19, San Pietro Apostolo, CZ, CAL, 88040, Italia	39.0816941	16.3727603	0.001
134234687	Anfiteatro, SS19, San Pietro Apostolo, CZ, CAL, 88040, Italia	39.08667285	16.3783714743003	0.001
