96015178	Univ. Telematica della Calabria, Via Aspromonte, Le Torri, Palmi, RC, CAL, 89015, Italia	38.36452925	15.8591784838565	0.001
96188051	Via Antonio Altomonte, Le Torri, Palmi, RC, CAL, 89015, Italia	38.36454875	15.8593471462483	0.001
