41406184	Via Domenico Cimarosa, Soccavo, Napoli, NA, CAM, 80129, Italia	40.8391846	14.2306727	0.001
21075566	Parco Virgiliano, Bagnoli, Napoli, NA, CAM, 80124, Italia	40.7975568	14.1795608	0.001
42780296	Via del Parco Margherita, Soccavo, Napoli, NA, CAM, 80121, Italia	40.8386403	14.2339734	0.001
12755254	Area naturalistica protetta Monte Nuovo, Via Miliscola, Pozzuoli, NA, CAM, 80078, Italia	40.8325203	14.0910215	0.001
14030416	Lungomare Colombo, Pozzuoli, NA, CAM, 90078, Italia	40.8238284	14.1191595	0.001
15766725	Contrada Pisciarelli, Pozzuoli, NA, CAM, 80124, Italia	40.8443412	14.149363	0.001
14098733	Via Assunta di Mare, Pozzuoli, NA, CAM, 90078, Italia	40.8219957	14.1198857	0.001
17229208	Stufe di Nerone, Via Montegrillo, Bacoli, NA, CAM, 80070, Italia	40.8270134	14.075977	0.001
