21683676	Via Pietro Ragnisco, Pozzuoli, NA, CAM, 90078, Italia	40.8248194	14.1222331	0.001
24968934	Biblioteca Comunale, 57, Via Cerillo, Bacoli, NA, CAM, 80070, Italia	40.7991432	14.0730969	0.001
