49973103	Via Francesco Giordani, Fuorigrotta, Napoli, NA, CAM, 80122, Italia	40.8358279	14.2211485	0.001
4471500	Piazza Amedeo, Soccavo, Napoli, NA, CAM, 80121, Italia	40.8372343	14.2338891	0.001
19417025	Via de Fraja, Pozzuoli, NA, CAM, 90078, Italia	40.8227084	14.1209025	0.001
