105728452	Palazzo del Banco di Sicilia, Corso Umberto I, Caltanissetta, CL, SIC, 93100, Italia	37.49098895	14.0629853177976	0.001
22080242	toniolo, Strada statale 121 Catanese, Sclafani Bagni, PA, SIC, Italia	37.6817454	13.8310134	0.001
49395900	Poste Italiane, 133, Via Piave, Villalba, CL, SIC, 93010, Italia	37.6552	13.8462928	0.001
50124610	Banco Unicredit, 6, Via N. Sauro, Villalba, CL, SIC, 93010, Italia	37.6542623	13.8430901	0.001
19031441	Via Duca d'Aosta, Enna, EN, SIC, 94100, Italia	37.5622703	14.2717633	0.001
