15183988	Via Pier Capponi, Cesarò, ME, SIC, Italia	37.8452941	14.7152753	0.001
15305070	Viale Regina Elena, Cesarò, ME, SIC, Italia	37.8452724	14.715271	0.001
