2602602656	Via Dogali, IV Circoscrizione, Messina, ME, SIC, 98122, Italia	38.1863904	15.5557979	0.001
48080704	Piazza Gagini, Monforte San Giorgio, ME, SIC, 98041, Italia	38.1411189	15.3935886	0.001
