28998197	Via del Crocifisso, Villaggio Bardara, Lentini, SR, SIC, 96016, Italia	37.2826311	15.0024336	0.001
16236982	Via Santa Lucia, Ramacca, CT, SIC, Italia	37.3819782	14.6919331	0.001
17108252	Piazza Santa Rita, Ramacca, CT, SIC, Italia	37.3885295	14.693828	0.001
