6969940	Viale della Vittoria, Sciacca, AG, SIC, 92019, Italia	37.5064949	13.0877264	0.001
6654370	Via Porta di Mare, Sciacca, AG, SIC, 92019, Italia	37.5063259	13.0822762	0.001
6994740	Corso Vittorio Emanuele, Sciacca, AG, SIC, 92019, Italia	37.5063638	13.0828612	0.001
6654386	Strada Provinciale 54, Sciacca, AG, SIC, 92019, Italia	37.5189654	13.1170882	0.001
7037320	Piazza Girolamo Lombardo, Sciacca, AG, SIC, 92019, Italia	37.5065305	13.0883178	0.001
14005036	Via Cesare Battisti, Montallegro, AG, SIC, 92011, Italia	37.3952185	13.3502711	0.001
13873088	Via Oreto, Cattolica Eraclea, AG, SIC, 92011, Italia	37.4407234	13.3884115	0.001
13635935	Via Enna, Cattolica Eraclea, AG, SIC, 92011, Italia	37.4398746	13.3881896	0.001
