7064251	La Favola, Corso Vittorio Emanuele, Sciacca, AG, SIC, 92019, Italia	37.5095918	13.079182	0.001
18742374	Gran Caffè Scardaglia, Via Porta di Mare, Sciacca, AG, SIC, 92019, Italia	37.5060777	13.082658	0.001
7037298	Via Libertà, Sciacca, AG, SIC, 92019, Italia	37.5088565	13.0779678	0.001
18780730	Caffe' La Bella, 23, Via Fiume, Sciacca, AG, SIC, 92019, Italia	37.513255	13.0801322	0.001
7064396	Bar del Corso, Corso Vittorio Emanuele, Sciacca, AG, SIC, 92019, Italia	37.5061547	13.0834933	0.001
76707029	Area di Servizio Giardinello, Ribera, AG, SIC, 92016, Italia	37.43900765	13.2654155426999	0.001
