17381409	Caffè Premier, 191, Viale Italia, Augusta, SR, SIC, 96011, Italia	37.2477561	15.2194923	0.001
128663014	Bar Stravento, Contrada Campolato Basso, Augusta, SR, SIC, 96011, Italia	37.28199165	15.1886211893756	0.001
132456340	Via Roma, Palazzo, Carlentini, SR, SIC, 96016, Italia	37.2753278	15.0145096925304	0.001
18413947	IP, Carlentini, SR, SIC, 96016, Italia	37.3138397	15.0084146	0.001
19444765	Via Martiri della Resistenza, Carlentini, SR, SIC, 96016, Italia	37.3005229	15.0023501	0.001
