51697027	Autolavaggio 2006, 5, Via Cernaja, IV Circoscrizione, Messina, ME, SIC, 98123, Italia	38.1855828	15.5511381	0.001
24484526	Viale Europa, Torregrotta, ME, SIC, 98040, Italia	38.2034264	15.3519128	0.001
46867851	Via Nazionale, Pace del Mela, ME, SIC, 98042, Italia	38.1996218	15.2998273	0.001
