48559916	Via Poma, Casa Fornazzo, Trapani, TP, SIC, 91100, Italia	38.016891	12.5243362	0.001
