18426218	Via Agrigento, Il Capo, Palermo, PA, SIC, 90139, Italia	38.1284685	13.352626	0.001
17338533	F. P. Sarullo, Uditore, Palermo, PA, SIC, 90144, Italia	38.1364929	13.3404682	0.001
19280760	Via Umberto Giordano, Uditore, Palermo, PA, SIC, 90144, Italia	38.1327546	13.3397638	0.001
106702601	Via Palermo, Carini, PA, SIC, 90044, Italia	38.13396615	13.1827731993326	0.001
