23180304	Strada Provinciale 01-A, Agrigento, AG, SIC, 92100, Italia	37.299521	13.5625271	0.001
