74712625	Via Casino Grande, Patti, Palermo, PA, SIC, 90146, Italia	38.1684147	13.3186829	0.2
