68151060	Via Costiglio Casino, Acireale, CT, SIC, 95024, Italia	37.6382828	15.1801624	0.2
