140995318	Clinica Sant'Anna, vie Efebo, Agrigento, AG, SIC, 92100, Italia	37.2878512	13.5813439790977	0.101
