116413392	Guardia Medica, Via Savona, Casa Bommacchia, Scicli, RG, SIC, 97018, Italia	36.76539025	14.638670509027	0.001
