73084440	Viale Cristoforo Colombo, Biancavilla, CT, SIC, 95031, Italia	37.64819255	14.8597263518103	0.001
