115178114	Tribunale, Viale Generale Armando Diaz, Enna, EN, SIC, 94100, Italia	37.56738305	14.2695563536986	0.001
