70902803	Autodromo di Pergusa, Masseria Carangiaro, Enna, EN, SIC, 94100, Italia	37.52178295	14.31141289248	0.001
