7611431	Misericordia Catania Porto Ambulanze, Molo di Levante, Centro storico, Catania, CT, SIC, 95127, Italia	37.5020955	15.0966553	0.001
70544301	Strada Provinciale 15, Belpasso, CT, SIC, 95040, Italia	37.53504855	14.9331848442109	0.001
24236215	Via Nuova, Nicolosi, CT, SIC, 95030, Italia	37.6159368	15.0266945	0.001
