15577766	Viale Regina Margherita, Caltanissetta, CL, SIC, 93100, Italia	37.4855617	14.0609294	0.001
19947032	Fontana del Tritone, Piazza Garibaldi, Caltanissetta, CL, SIC, 93100, Italia	37.4898483	14.0632912	0.001
18730525	Piazza Luigi Capuana, Caltanissetta, CL, SIC, 93100, Italia	37.4942116	14.0592784	0.001
74469756	Strada Statale 121 Catanese, Enna, EN, SIC, Italia	37.60474025	14.3643628703823	0.001
20950947	Strada Provinciale 34, Troina, EN, SIC, Italia	37.7150891	14.5365804	0.001
98114575	Strada statale 290 di Alimena, Calascibetta, EN, SIC, 94100, Italia	37.59026695	14.2722436931097	0.001
