28817013	Ospedale San Elia, Viale Luigi Monaco, Caltanissetta, CL, SIC, 93100, Italia	37.4904605	14.031268	0.001
103661902	Ospedale Sant'Elia, Viale Luigi Monaco, Caltanissetta, CL, SIC, 93100, Italia	37.4905178	14.0314187342946	0.001
4675132	Umberto 1°, Via Giuseppe D'Angelo, Enna, EN, SIC, 94100, Italia	37.5538206	14.3016159	0.001
18212340	Trinacria, Villarosa, EN, SIC, Italia	37.5881814	14.1674527	0.001
103885231	Ospedale Umberto 1, Via Messina, Enna, EN, SIC, 94100, Italia	37.56526825	14.2727777925269	0.001
