124040127	Via Nino Martoglio, Sant'Agata di Militello, ME, SIC, 98076, Italia	38.0660702	14.6273716753047	0.001
