7897321	Biblioteca Comunale, Via XI Maggio, Marsala, TP, SIC, 91025, Italia	37.8000164	12.4341165	0.001
19130165	Via Parallela Abitabile, Paceco, TP, SIC, 91100, Italia	37.9818401	12.5620393	0.001
