101675738	Biblioteca Comunale  Euclide, 1, Via Butera, Gela, Fondo Iozza, Gela, CL, SIC, 93012, Italia	37.07164705	14.2364670296664	0.093055316314571
24497837	Biblioteca Comunale, Corso Umberto I, Acate, RG, SIC, 97011, Italia	37.0254129	14.4995803	0.001
