23985841	Via Madre Teresa di Calcutta, Isnello, PA, SIC, Italia	37.9401955	14.0056452	0.001
126270690	Piazza Cavour, Campofelice di Roccella, PA, SIC, 90010, Italia	37.99105085	13.8860546644787	0.001
18353311	Biblioteca Comunale di Alia, Via Vittorio Emanuele, Alia, PA, SIC, 90021, Italia	37.7787437	13.7136519	0.001
128941463	Viale delle Nazioni, Campofelice di Roccella, PA, SIC, 90010, Italia	37.9859964	13.8848296161523	0.001
