19885911	Via Palermo, Fontanelle, Trapani, TP, SIC, 91100, Italia	38.0190839	12.5434344	0.001
75489031	Mercato del Pesce, Via Vespri, Marsala, TP, SIC, 91025, Italia	37.7975292	12.4339450807237	0.001
74813199	Via della Gioventù, Marsala, TP, SIC, 91025, Italia	37.80154695	12.4453684344677	0.001
20091642	Viale Salvatore Caruso, Raganzili, Erice, TP, SIC, 91016, Italia	38.0296231	12.5469481	0.001
119802408	Piazza Nettuno, Baglio Isonzo, Scopello, Castellammare del Golfo, TP, SIC, Italia	38.07012915	12.8179281256737	0.001
