116099741	Casa circondariale, Via Ducezio, Selvaggio, Ragusa, RG, SIC, 97100, Italia	36.9145799	14.7237251195161	0.001
