132767445	Piazza Armando Diaz, Palazzo, Carlentini, SR, SIC, 96016, Italia	37.27615705	15.0144714444511	0.001
