9822086	Teatro Pirandello, Vicolo Teatro, Agrigento, AG, SIC, 92100, Italia	37.3116338	13.5771571	0.001
131265615	Strada Statale 115 Sud Occidentale Sicula, Licata, AG, SIC, Italia	37.11071105	14.0169908544728	0.001
133465609	Via delle Ginestre, Butera, CL, SIC, Italia	37.1086556	14.0936083896003	0.001
121211482	Teatro Don Giulio Scuvera, Piazza Dante, Butera, CL, SIC, Italia	37.18733525	14.1857367308697	0.001
139132442	Cine-Teatro Bartolotta, Piazza Francesco Crispi, Mazzarino, CL, SIC, 93013, Italia	37.305629	14.2160788742217	0.001
