26312108	Viale Trento e Trieste, Spoleto, PG, UMB, 06049, Italia	42.7420201	12.738036	0.001
21484037	Piazza Giuseppe Garibaldi, Spoleto, PG, UMB, 06049, Italia	42.7399188	12.7368124	0.001
25413645	Via Pietro Conti, Spoleto, PG, UMB, 06049, Italia	42.7463981	12.7420599	0.001
26490098	Piazza del Mercato, Scheggino, PG, UMB, 06040, Italia	42.7127557	12.8301983	0.001
