43299506	Piazza della Repubblica, Spello, PG, UMB, 06038, Italia	42.9918264	12.6718624	0.001
23341785	Via Pinturicchio, Spello, PG, UMB, 06038, Italia	42.9860946	12.6738749	0.001
23644729	Via Roma, Spello, PG, UMB, 06038, Italia	42.9879993	12.6727377	0.001
15992091	Banca Popolare di Spoleto, Via della Vittoria, San Fortunato, Montefalco, PG, UMB, 06036, Italia	42.8936437	12.6492044	0.001
23715619	Via Vittorio Emanuele II, Cannara, PG, UMB, 06033, Italia	42.9948771	12.5828353	0.001
23956281	Via Cannaiola, Borgo di Trevi, Trevi, PG, UMB, 06039, Italia	42.8748874	12.7380935	0.001
27207871	Via Coste, Borgo di Trevi, Trevi, PG, UMB, 06039, Italia	42.8783215	12.7496591	0.001
23760449	Via Flaminia, Campello sul Clitunno, PG, UMB, 06042, Italia	42.8376286	12.7600164	0.001
