19287524	Villaggio Campomaggio, Terni, TR, UMB, 05100, Italia	42.5488911	12.6216115	0.001
