19287524	Villaggio Campomaggio, Terni, TR, UMB, 05100, Italia	42.5488911	12.6216115	0.001
26919911	Via Giuseppe Garibaldi, Narni, TR, UMB, 05035, Italia	42.5188938	12.515639	0.001
18006456	Piazza 29 Agosto 1943, Orte Scalo - Parco delle Ginestre, Petignano, Orte, VT, LAZ, 01028, Italia	42.4347098	12.407865	0.001
