25458425	Unicredit, Via Adriano Donati, Perugia, PG, UMB, 06063, Italia	43.0546084	12.2207566	0.001
39054760	Strada statale 75 del Trasimeno, Le Rocce, Magione, PG, UMB, 06063, Italia	43.1386536	12.2389995	0.001
37956457	Via Sergio Cocchini, Magione, PG, UMB, 06063, Italia	43.1176808	12.1668844	0.001
28636426	Corso Marchesi, Le Rocce, Magione, PG, UMB, 06063, Italia	43.1421102	12.2058837	0.001
14387312	Unicredit, Via Italia Sessantuno, Magione, PG, UMB, 06063, Italia	43.0825848	12.1564769	0.001
52000094	Piazza del Popolo, Castiglione del Lago, PG, UMB, 06061, Italia	43.121521	11.9562479	0.001
14344322	Via Belvedere, Castiglione del Lago, PG, UMB, 06061, Italia	43.1271192	12.0515043	0.001
35281664	Via Firenze, Castiglione del Lago, PG, UMB, 06061, Italia	43.1267707	12.0481889	0.001
