17308749	Viale Matteo Gattaponi, Spoleto, PG, UMB, 06049, Italia	42.7352451	12.7433847	0.001
18204822	Via Filitteria, Spoleto, PG, UMB, 06049, Italia	42.7361027	12.7374593	0.001
