28800701	Piazza della Repubblica Italiana, Le Rocce, Magione, PG, UMB, 06063, Italia	43.1420986	12.2052547	0.001
27134648	Via XX Settembre, Le Rocce, Magione, PG, UMB, 06063, Italia	43.1420907	12.2060419	0.001
28518029	Corso Marchesi, Le Rocce, Magione, PG, UMB, 06063, Italia	43.1421358	12.2059923	0.001
18272955	Via della Strage, Magione, PG, UMB, 06063, Italia	43.1456906	12.1602776	0.001
17948812	Via Italia Sessantuno, Magione, PG, UMB, 06063, Italia	43.0794948	12.1556944	0.001
