6271078	Belvedere, Via Duesanti, Todi, PG, UMB, 06059, Italia	42.8159127	12.4450039	0.001
37452129	Bar, Via del Risorgimento, Via Raniero Coppoli, Deruta, PG, UMB, 06053, Italia	42.9507025	12.3994515	0.001
22755872	Circolo ACLI, Via della Resistenza, Collazzone, PG, UMB, 06050, Italia	42.894284	12.4051612	0.001
6571556	Paola Fratini, 4, Doglio, PG, UMB, 06057, Italia	42.8094703	12.3248892	0.001
