23687243	Via San Pio Decimo, San Damiano, Assisi, PG, UMB, 06081, Italia	43.0550292	12.5792495	0.001
