35359092	Via Roma, Castiglione del Lago, PG, UMB, 06061, Italia	43.1231043	12.0422783	0.001
