128980045	ASL 2 - Distretto di Fabro, Via G. di Vittorio, Fabro, TR, UMB, 05015, Italia	42.87307145	12.0459424508703	0.001
