20980468	Istituto Andrea Cesalpino, SR71, Cortona, AR, TOS, 52044, Italia	43.194659	12.0136138	0.001
