48100928	Strada Regionale 454 di Pozzuolo, Castiglione del Lago, PG, UMB, 06061, Italia	43.1258392	12.0421915	0.001
2602125353	Piazza Mazzini, Castiglione del Lago, PG, UMB, 06061, Italia	43.12683685	12.0508105825676	0.001
48605511	Via XXV Aprile, Castiglione del Lago, PG, UMB, 06061, Italia	43.1265925	12.0489827	0.001
