26312450	Piazza Pietro Fontana, Spoleto, PG, UMB, 06049, Italia	42.733167	12.7366741	0.001
20636748	Piazza della Vittoria, Spoleto, PG, UMB, 06049, Italia	42.7405176	12.7372657	0.001
21751450	Piazza Bernardino Campello, Spoleto, PG, UMB, 06049, Italia	42.7338478	12.7397265	0.001
18213446	Piazza del Mercato, Spoleto, PG, UMB, 06049, Italia	42.7343069	12.7374527	0.001
35992473	Strada Regionale 320dir di Cascia, Cascia, PG, UMB, 06043, Italia	42.7145678	12.9608245	0.001
27018982	Piazza del Mercato, Scheggino, PG, UMB, 06040, Italia	42.7129882	12.8302091	0.001
12733483	Via Contaglia, Ceselli, Scheggino, PG, UMB, 06040, Italia	42.6858097	12.8181224	0.001
11876560	Sentiero Ferentillo Parco Fluviale del Nera, Ferentillo, TR, UMB, 05034, Italia	42.6288409	12.7822367	0.001
