144585518	Ospedale di Branca, Largo Unità d'Italia, Gubbio, PG, UMB, 06024, Italia	43.2671582	12.6868917237194	0.001
79863339	Via degli Zoccolanti, Gualdo Tadino, PG, UMB, 06023, Italia	43.23178285	12.7904312087171	0.001
79252408	Ospedale Calai, Via degli Zoccolanti, Gualdo Tadino, PG, UMB, 06023, Italia	43.2320578	12.790131842168	0.001
