124955566	Carabinieri, Via degli Etruschi, Paciano, PG, UMB, 06060, Italia	43.0245479	12.0667886807828	0.001
