629847	Terni, Piazza Dante Alighieri, Vocabolo Pentima Bassa, Terni, TR, UMB, 05100, Italia	42.5706909	12.6509658	0.31490776660872
6517113	Terni Cospea, Via Alfonsine, Terni, TR, UMB, 05100, Italia	42.5495892	12.6251034	0.001
6609937	Borgo Rivo, Via Antonio Vivaldi, Terni, TR, UMB, 05100, Italia	42.5840629	12.623132	0.001
17721070	Cesi, Strada di Mazzamorello, Terni, TR, UMB, 05100, Italia	42.5968391	12.5942234	0.001
