119362028	Teatro dei Rustici, Strada statale 71 Umbro Casentinese, Monteleone d'Orvieto, TR, UMB, 05017, Italia	42.91643685	12.0517157154551	0.093055316314571
