118313990	Teatro della Concordia, Via Regina Margherita, Monte Castello di Vibio, PG, UMB, 06057, Italia	42.8407112	12.3520095350401	0.154561534822
122944952	Teatro della Concordia, Via Marconi, Marsciano, PG, UMB, 06055, Italia	42.90954045	12.337154508881	0.001
