141275157	Texas BBQ Grill, Via della Fonderia, Oriolo Romano, VT, LAZ, 01010, Italia	42.166181	12.1374517958255	0.101
