14297130	Via Fonte Colombo, Città Giardino, Rieti, RI, LAZ, 02100, Italia	42.3792169	12.8277682	0.001
14255286	Piazza Sant'Elia, Rieti, RI, LAZ, Italia	42.3696629	12.8134793	0.001
13661920	Via Dietro Santi, Città Giardino, Rieti, RI, LAZ, Italia	42.3701407	12.8136462	0.001
38027430	11, Licinese, Vicovaro, RM, LAZ, Italia	42.0503261	12.9057828	0.001
6905419	Via Umberto I, Borgo, Contigliano, RI, LAZ, 02043, Italia	42.4090047	12.7654862	0.001
6807681	Via Luigi Solidati Tiburzi, Borgo, Contigliano, RI, LAZ, 02043, Italia	42.4091827	12.7648565	0.001
14039956	Via Cognolo, Borgo, Contigliano, RI, LAZ, 02043, Italia	42.4022112	12.7707386	0.001
7143169	SP45, Cottanello, RI, LAZ, Italia	42.4104116	12.6901369	0.001
