22498183	Agip, Viale Armando Diaz, Viterbo, VT, LAZ, 01100, Italia	42.4137044	12.1098355	0.001
10773298	Via Castello di Vetulonia, Carmine, Viterbo, VT, LAZ, 01100, Italia	42.4112318	12.100639	0.001
