95654788	Laser Medica, Via XXV aprile, Oriolo Romano, VT, LAZ, 00066, Italia	42.16422985	12.137388260356	0.001
