53978693	Via Flavio Doniziano, Regina Pacis, Rieti, RI, LAZ, 02100, Italia	42.4047654	12.8529379	0.001
45478961	Via Ferruti, Montopoli di Sabina, RI, LAZ, 02034, Italia	42.2572575	12.6851339	0.001
