140787077	The New Gym, Via di Valle Foresta, Bracciano, RM, LAZ, 00062, Italia	42.0869913	12.1822368363255	0.101
