100332158	Via Ceciliana, Casale Lungo, Palestrina, RM, LAZ, 00036, Italia	41.83907285	12.8859322545608	0.001
75124603	Via della Pace, Colle Tocciarello, Valmontone, RM, LAZ, 00038, Italia	41.7653651	12.930735548205	0.001
