15396984	Civitavecchia, Viale della Repubblica, Borgo Odescalchi, Civitavecchia, RM, LAZ, 00053, Italia	42.0881223	11.7987362	0.32516713207519
5725621	Anguillara, Via della Mainella, Anguillara Sabazia, RM, LAZ, 00061, Italia	42.067263	12.2940451	0.22830612824767
795743	Vigna di Valle, Via Braccianese Claudia, Bracciano, RM, LAZ, 00062, Italia	42.0768773	12.2107208	0.22367496645424
3611193	Bracciano, Via Odescalchi, Bracciano, RM, LAZ, 00062, Italia	42.1036916	12.1730633	0.22367496645424
3510929	Oriolo, Via degli Artigiani, Oriolo Romano, VT, LAZ, 00066, Italia	42.1668412	12.1384686	0.22123378027701
5608445	Manziana - Canale Monterano, Via Fonte della Dolce, Manziana, RM, LAZ, 00066, Italia	42.1282616	12.1349416	0.2187004523946
15165764	Santa Marinella, Via IV Novembre, Colfiorito, Santa Marinella, RM, LAZ, 00058, Italia	42.0359942	11.863058	0.17217279423731
