115204329	Teatro Manzoni, Via Marini, San Pasquale, Cassino, FR, LAZ, Italia	41.49077725	13.8288890352089	0.001
101961776	Via Trento e Trieste, Campodimele, LT, LAZ, Italia	41.3895681	13.5297936155337	0.001
