15958988	Via Padre Ardelio della Bella, Foggia, FG, PUG, 71100, Italia	41.4417895	15.5630621	0.001
22339726	Via Antonio Gramsci, Foggia, FG, PUG, 71100, Italia	41.4500427	15.5660871	0.001
