6021175	Via Giacomo Leopardi, Barletta, BT, PUG, 70051, Italia	41.3102403	16.2845419	0.001
5944428	Via dell'Aquila, Montaltino, Barletta, BT, PUG, 76121, Italia	41.3112172	16.2676987	0.001
5766813	Via Casale, Montaltino, Barletta, BT, PUG, 76121, Italia	41.3126149	16.2669872	0.001
2602393104	Postamat, Vico Volturno, Canosa di Puglia, BT, PUG, Italia	41.2192728	16.0703102	0.001
