24710545	Via Grotte, Castellana Grotte, BA, PUG, 70013, Italia	40.8755222	17.1492751	0.001
