16279948	Via Padre Ardelio della Bella, Foggia, FG, PUG, 71100, Italia	41.4418157	15.563105	0.001
18055867	Viale Giuseppe Di Vittorio, Foggia, FG, PUG, 71100, Italia	41.4557435	15.5610076	0.001
