25406935	Food Manhattan, Corso Roma, Brindisi, BR, PUG, 72100, Italia	40.6364875	17.9455452	0.001
