6353884	Bar Toto, Via Roma, Castelluccio dei Sauri, FG, PUG, Italia	41.3051892	15.47879	0.101
14566155	SS544, Cerignola, FG, PUG, Italia	41.3910763	15.8582786	0.001
6435750	delle Puglie, Bovino, FG, PUG, 71023, Italia	41.3170548	15.4084345	0.001
4621142	Via San Rocco, Le Mezzane, Biccari, FG, PUG, Italia	41.3985462	15.1985844	0.001
