19435552	Viale Giuseppe Di Vittorio, Foggia, FG, PUG, 71100, Italia	41.4557686	15.5610519	0.001
16098296	Vico Civetta, Foggia, FG, PUG, 71122, Italia	41.4635864	15.5411792	0.001
5915964	Serralombardi - Scassabarile, Pietramontecorvino, FG, PUG, Italia	41.5468821	15.1257054	0.001
