119104151	Piazza Giuseppe Verdi, Grottaglie, TA, PUG, 74023, Italia	40.532241	17.4359165	0.001
