23263540	Via Indipendenza, Alberobello, BA, PUG, 70011, Italia	40.7826832	17.2394203	0.001
11828956	Strada Comunale Morelli, Ostuni, BR, PUG, Italia	40.8074263	17.5255455	0.001
50813381	Via Appia Antica, Ostuni, BR, PUG, Italia	40.8031543	17.5391683	0.001
16940213	Via Foggia, Crispiano, TA, PUG, 74012, Italia	40.6014567	17.2409777	0.001
17309436	percorso Giovanni Falcone, Crispiano, TA, PUG, 74012, Italia	40.6067018	17.2345696	0.001
17345322	Via D'Annunzio, Crispiano, TA, PUG, 74012, Italia	40.6068873	17.2344042	0.001
17248029	SP42, Statte, TA, PUG, 74012, Italia	40.5815042	17.204912	0.001
50251639	Piazza Sant'Antonio, Ceglie Messapica, BR, PUG, 72013, Italia	40.6472346	17.515915	0.001
20685358	Piazza della Repubblica, Ceglie Messapica, BR, PUG, 72013, Italia	40.6443421	17.5185305	0.001
