18497576	Viale Giuseppe Di Vittorio, Foggia, FG, PUG, 71100, Italia	41.4557379	15.5610569	0.001
