121498272	Via Giuseppe Di Vittorio, Manfredonia, FG, PUG, 71043, Italia	41.615441	15.896757	0.001
1402646	Via Bianca Lancia, Monte Sant'Angelo, FG, PUG, 71037, Italia	41.7006754	15.9601766	0.001
