87225894	Egnazia e delle Terme di Torre Canne, Ostuni, BR, PUG, Italia	40.77911685	17.5993467876476	0.001
16598875	Via Lecce, Crispiano, TA, PUG, 74012, Italia	40.5945605	17.2371867	0.001
16322829	SP48, Crispiano, TA, PUG, 74012, Italia	40.5919794	17.2162145	0.001
