5614035	Via Barberini, Montaltino, Barletta, BT, PUG, 70051, Italia	41.3034381	16.2696285	0.001
1335149	Via Barletta, Andria, BT, PUG, 70031, Italia	41.2387014	16.2946808	0.001
73303763	Autolavaggio Self-Service, Complanare lato monte, Corato, BA, PUG, 70033, Italia	41.14692445	16.3995903788867	0.001
