106883101	Autolavaggio Delfino, Via Giotto, Manfredonia, FG, PUG, 71043, Italia	41.61492475	15.895061025	0.001
14997059	Viale Giacomo Matteotti, San Severo, FG, PUG, 71016, Italia	41.6846094	15.3894626	0.001
14997070	Via Antonio D'Amico, Zona PIP, San Severo, FG, PUG, 71016, Italia	41.6700811	15.3927027	0.001
16566545	Via Croce Santa, San Severo, FG, PUG, 71016, Italia	41.6709708	15.3788616	0.001
14915253	Via R. Morandi, San Severo, FG, PUG, 71016, Italia	41.6921407	15.3693675	0.001
