4875999	Corso del Mezzogiorno, Foggia, FG, PUG, 71100, Italia	41.4470763	15.5739733	0.001
