126896296	Cinema Aurora, Via Stella D'Italia, Caprarica di Tricase, Tricase, LE, PUG, 73039, Italia	39.92931345	18.3603455979858	0.101
46910731	Cinema Moderno, Via Vittorio Emanuele II, Maglie, LE, PUG, 73024, Italia	40.1230901	18.3015285	0.101
143362489	Via Siracusa, Tutino, Tricase, LE, PUG, 73039, Italia	39.9296044	18.3558553767758	0.001
111855138	Araldo, Vico Araldo, Casarano, LE, PUG, 73042, Italia	40.00971085	18.1598370600365	0.001
106115025	cine-teatro Manzoni, Via Vecchia Matino, Casarano, LE, PUG, 73042, Italia	40.01257615	18.161220441281	0.001
22457887	Via Giordano Bruno, Taviano, LE, PUG, 73057, Italia	39.9813934	18.0880557	0.001
