145036732	Cinema Massimo, 3, Viale Francesco Lo Re, Lecce, LE, PUG, 73100, Italia	40.3515045	18.1741669633028	0.101
78061358	Pianeta Cinema - Multisala - Nardò (LE), SP19, Nardò, LE, PUG, 73048, Italia	40.1944424	18.0745402191498	0.101
124001819	Nuovo Cinema Paradiso, Via G. Gioberti, Melendugno, LE, PUG, 73026, Italia	40.27371685	18.3365756989886	0.101
130441136	The Space Cinema, Via Ferdinando Vallese, Surbo, LE, PUG, 73010, Italia	40.37669265	18.146870769447	0.101
20368119	Via Principessa Mafalda, Galatina, LE, PUG, 73013, Italia	40.1741784	18.1672174	0.001
