70428669	Drive in, Strada del Salice Nuovo, Foggia, FG, PUG, 71100, Italia	41.4230401	15.586948660559	0.001
