12847477	Cinema, Via F. D'Alfonso, San Severo, FG, PUG, 71016, Italia	41.687529	15.375643	0.101
