138716411	Multisala Andromeda, 1, Strada per Patri, Brindisi, BR, PUG, 72100, Italia	40.62869695	17.9423411940134	0.001
135701000	Viale Francia, Brindisi, BR, PUG, 72100, Italia	40.62660145	17.9416914062672	0.001
