27645010	Ambulatorio, Via La Menola, Stornara, FG, PUG, 71047, Italia	41.2907845	15.7679992	0.001
