137957863	Via Don Luigi Sturzo, Macello, Polignano a Mare, BA, PUG, 70044, Italia	40.99323265	17.2255610161218	0.001
100872369	Via Giuseppe Mazzini, Pozziglioni, Polignano a Mare, BA, PUG, 70044, Italia	40.9933465	17.2252590653088	0.001
