126106422	Centro Medico Pignatelli, 45, Via Don Bosco, Lecce, LE, PUG, 73100, Italia	40.34718485	18.1656635567569	0.001
2597032429	Casa di cura Villa Bianca, Via di Leuca, Lecce, LE, PUG, 73100, Italia	40.3429257	18.1752905309537	0.001
127967159	Laboratorio Analisi Pignatelli, 2, Via Martiri d'Otranto, Lecce, LE, PUG, 73100, Italia	40.3474257	18.1658276048093	0.001
