66065841	Istituto d'Arte, SV Tiro a Segno, Cerignola, FG, PUG, 71042, Italia	41.2601889	15.9140874344136	0.001
64537220	SV Tiro a Segno, Cerignola, FG, PUG, 71042, Italia	41.2611349	15.9164353659091	0.001
71888916	Istituto d'Arte, SV San Marco, Cerignola, FG, PUG, 71042, Italia	41.25987965	15.9122296485131	0.001
71581639	Istituto Tecnico Industriale  Augusto Righi, SV San Marco, Cerignola, FG, PUG, 71042, Italia	41.2579798	15.9152990783075	0.001
110451227	I.T.C. P. Giannone, Viale Antonino Ripandelli, Candela, FG, PUG, 71024, Italia	41.1323412	15.5159958250547	0.001
