113092545	I.I.S.S. Galileo Galilei, Via Lepanto, Monopoli, BA, PUG, 70043, Italia	40.9483271	17.3031590238505	0.001
