121812063	Tribunale di Bari, Via Giovanni Bovio, Libertà, Bari, BA, PUG, 70123, Italia	41.12309935	16.8564569139488	0.001
