124722472	Guardia Medica, Via Consolazione, Brindisi, BR, PUG, 72100, Italia	40.63531145	17.9326191395379	0.001
