66669434	Guardia Medica, Via XX Settembre, Cerignola, FG, PUG, 71042, Italia	41.2630875	15.90514935	0.001
50875265	dott. Michele Perchinunno, 50, Via Bari, Cerignola, FG, PUG, 71042, Italia	41.2631337	15.9021626	0.001
14071159	Centro medico, Via Catania, Cerignola, FG, PUG, 71042, Italia	41.260981	15.9030939	0.001
113458634	ASL, SS91ter, Accadia, FG, PUG, Italia	41.15835315	15.3259059528066	0.001
22730667	Ambulatorio, Via Giacomo Puccini, Deliceto, FG, PUG, Italia	41.2187405	15.381265	0.001
