5871244	Dieci Fontane, Via Bologna, Cerignola, FG, PUG, 71042, Italia	41.2632067	15.8995025	0.001
6058242	SV San Samuele, Cerignola, FG, PUG, Italia	41.2536901	15.9918759	0.001
69376805	Corso Aldo Moro, Cerignola, FG, PUG, 71042, Italia	41.2627262	15.9124630812074	0.001
22914410	SS91ter, Accadia, FG, PUG, Italia	41.1577868	15.3253521	0.001
21854366	Via Borgo, Accadia, FG, PUG, 71028, Italia	41.1587116	15.3340878	0.001
19332600	Via Guglielmo Marconi, Bovino, FG, PUG, 71023, Italia	41.2498899	15.3381476	0.001
19352049	Ponte di Bovino - Panni Scalo, Bovino, FG, PUG, 71023, Italia	41.2493354	15.3379706	0.001
6170851	Appulo-Lucana, Canosa di Puglia, BT, PUG, Italia	41.1747936	15.9124637	0.001
6044645	SP105, Ascoli Satriano, FG, PUG, Italia	41.2075943	15.5606485	0.001
