3709273	Contrada Segezia, Foggia, FG, PUG, Italia	41.3853069	15.4943964	0.001
18561769	Strada Comunale Ignazia, Faeto, FG, PUG, Italia	41.293911	15.1613542	0.001
