15185559	Via Mons. Fortunato Maria Farina, Foggia, FG, PUG, 71100, Italia	41.4400845	15.5636699	0.001
19133711	Via Marina Mazzei, Foggia, FG, PUG, 71121, Italia	41.4616664	15.5604551	0.001
