72918577	Fontana Piscitelli, Viale John Fitzgerald Kennedy, Manfredonia, FG, PUG, 71043, Italia	41.623588	15.9116346874133	0.001
107283270	Fontana del Nettuno, Piazza Guglielmo Marconi, Manfredonia, FG, PUG, 71043, Italia	41.62672405	15.9137946365507	0.001
6218900	Monumento ai Caduti del Mare, Lungomare del Sole, Manfredonia, FG, PUG, 71043, Italia	41.6208685	15.9074586	0.001
73545121	Viale Michelangelo, Manfredonia, FG, PUG, 71043, Italia	41.61995845	15.8978955257468	0.001
13109098	Garganica, San Severo, FG, PUG, 71016, Italia	41.6918598	15.3828491	0.001
13056148	Piazza Padre Pio, San Severo, FG, PUG, 71016, Italia	41.6903636	15.381825	0.001
13022696	Piazza Incoronazione, San Severo, FG, PUG, 71016, Italia	41.6850576	15.3848554	0.001
15661319	Via Macello Vecchio, San Severo, FG, PUG, 71016, Italia	41.6919116	15.3830608	0.001
71299031	Piazza Canelli, Castelnuovo della Daunia, FG, PUG, Italia	41.5843131	15.1204746820041	0.001
