38099386	Palestra GOLD'S GYM, SP48, Crispiano, TA, PUG, 74012, Italia	40.5876881	17.2133465	0.101
