17988275	Ponte di Bovino - Panni Scalo, Bovino, FG, PUG, 71023, Italia	41.249198	15.3378196	0.001
