51124838	Via della Stazione, Orta Nova, FG, PUG, Italia	41.3302695	15.7079436	0.001
