133731128	Mercato Ortofrutticolo, Viale Aldo Moro, Brindisi, BR, PUG, 72100, Italia	40.6266118	17.9342773284595	0.001
