127446638	Mercato  Pinto, Viale Luigi Pinto, Foggia, FG, PUG, 71122, Italia	41.45908975	15.529089309642	0.001
120205417	Vico Sirio, Foggia, FG, PUG, 71122, Italia	41.4643592	15.5428890447803	0.001
