887253	Plaza, Viale Russia, Cerignola, FG, PUG, 71042, Italia	41.2630888	15.9127769	0.001
