43115217	Corso Lorenzo Fazzini, Vieste, FG, PUG, Italia	41.8828036	16.1802714	0.001
38971290	SP52, Peschici, FG, PUG, 71019, Italia	41.9114305	16.1263174	0.001
875730	Farmacia Dott. Caputo, Viale Uria, Ischitella, FG, PUG, Italia	41.9201533	15.8156522	0.001
12498857	Viale Mercurio, Lesina, FG, PUG, Italia	41.9078415	15.3365837	0.001
1572974	Farmacia Siniscalchi, 20, Garganica, Cagnano Varano, FG, PUG, 71010, Italia	41.8286963	15.7749076	0.001
