3704543	Questura, 1, Via Antonio Gramsci, Foggia, FG, PUG, 71100, Italia	41.4519102	15.5633474	0.001
