107941745	Casa circondariale di Taranto, Via Magli, Taranto, TA, PUG, 74121, Italia	40.45574895	17.2938835426516	0.001
