67799041	Casa Circondariale, Viale Aldo Moro, Lucera, FG, PUG, Italia	41.51140835	15.3335753714611	0.001
