37384993	Antica osteria la sciabica, 29, Via Lucio Scarano, Brindisi, BR, PUG, 72100, Italia	40.6402049	17.9407719	0.001
16517583	SP41, Brindisi, BR, PUG, 72100, Italia	40.6605155	17.9615747	0.001
49856010	Il Paiolo Magico, Piazza Criscuolo, Mesagne, BR, PUG, 72023, Italia	40.5595781	17.8094092	0.001
129932441	Il Botteghino, Via dell'Ostrica, Torchiarolo, BR, PUG, Italia	40.5169795	18.0919711879585	0.001
42333561	Piazzetta Della Vittoria, Torchiarolo, BR, PUG, Italia	40.5166828	18.0929886	0.001
