117911286	Scuola Elementare R. Centonza, Via Manzoni, Lesina, FG, PUG, 71010, Italia	41.8632102	15.3536494556216	0.001
142093461	Via Omero, Lesina, FG, PUG, Italia	41.8574254	15.35705402664	0.001
