18086242	Brindisi, Via Bastioni San Giorgio, Brindisi, BR, PUG, 72100, Italia	40.6342881	17.9393025	0.32191850354092
18637675	Mesagne, Piazza Stazione, Mesagne, BR, PUG, 72023, Italia	40.5630669	17.8021702	0.13061965013967
18814164	San Vito dei Normanni, Via per San Vito, Brindisi, BR, PUG, Italia	40.650151	17.8184216	0.12027225158296
18819365	Tuturano, SS16, Brindisi, BR, PUG, Italia	40.5506934	17.9788414	0.093055316314571
