16104807	Taxi, Piazza Vittorio Veneto, Foggia, FG, PUG, 71121, Italia	41.4653457	15.5558113	0.101
