5982372	Viale Stazione, Martina Franca, TA, PUG, 74015, Italia	40.7005786	17.331942	0.001
