15294882	Teatro Comunale, Via Galliano, Crispiano, TA, PUG, 74012, Italia	40.6047507	17.2316132	0.001
136346640	Teatro Comunale, Corso Verdi, Ceglie Messapica, BR, PUG, 72013, Italia	40.64706875	17.5136782779852	0.001
