87319609	Teatro della Fede, Via Madonna del Lume, Grottaglie, TA, PUG, 74023, Italia	40.53360415	17.4294581321237	0.001
116383590	Teatro Monticello, Viale K. Marx, Grottaglie, TA, PUG, 74023, Italia	40.54023975	17.4420853742043	0.001
