119973680	Nuovo Teatro Verdi, Via San Pietro degli Schiavoni, Brindisi, BR, PUG, 72100, Italia	40.63895475	17.9443675977576	0.16095925177046
125120746	Vico De' Lubelli, Brindisi, BR, PUG, 72100, Italia	40.6384574	17.9466585994421	0.001
