122311842	Università degli Studi, Via Piave, Brindisi, BR, PUG, 72100, Italia	40.63514375	17.9319910025637	0.001
