41503462	Carige Italia, Via Olanda, Jesolo, VE, VEN, 30017, Italia	45.5149109	12.6710858	0.001
37973965	144, Viale Oriente, Jesolo, VE, VEN, 30017, Italia	45.5310239	12.7220527	0.001
37677306	Banca del Veneciano, Via Regina Cornaro, Falconera, Caorle, VE, VEN, 30021, Italia	45.599649	12.885677	0.001
17817176	201, Viale Altanea, Caorle, VE, VEN, Italia	45.5720181	12.8150295	0.001
24031050	Corso Pisa, Caorle, VE, VEN, 3021, Italia	45.5881947	12.8529122	0.001
37229669	Piazza Matteotti, Falconera, Caorle, VE, VEN, 30021, Italia	45.598619	12.886038	0.001
27986271	Viale dei Fiori, Eraclea, VE, VEN, Italia	45.5491464	12.7461953	0.001
50178329	Banca Intesa SanPaolo, Viale dei Fiori, La Fagiana, Eraclea, VE, VEN, Italia	45.5535345	12.7673784	0.001
