14425447	Unicredit, Via Molinetto, Crespano del Grappa, TV, VEN, 31017, Italia	45.8267963	11.839283	0.001
18257767	Via 4 Novembre, Paderno del Grappa, TV, VEN, 310147, Italia	45.8280943	11.8584049	0.001
