6734939	Ottava Ovest, Rosolina, RO, VEN, Italia	45.0799917	12.3353368	0.001
7089129	Viale Toni Gardin, Rosolina, RO, VEN, Italia	45.0815015	12.3391024	0.001
22725062	Strada Sud, Rosolina, RO, VEN, Italia	45.1200616	12.3224069	0.001
