33930330	Contrà Cesare Battisti, Barche, San Biagio, Vicenza, VI, VEN, 36100, Italia	45.5466952	11.5439896	0.001
1397903	Corso Palladio, Barche, San Biagio, Vicenza, VI, VEN, 36100, Italia	45.5460553	11.5411155	0.001
17334398	Poste, Largo Tiepolo, Creazzo, VI, VEN, 36051, Italia	45.5323356	11.4781232	0.001
16979054	Viale Italia, Creazzo, VI, VEN, 36051, Italia	45.5319918	11.4807665	0.001
