48731586	UniCredit, Via Peschiera, Feltre, BL, VEN, 32032, Italia	46.017861	11.8995573	0.001
42080891	Via I Maggio, San Lorenzo, Arsiè, BL, VEN, Italia	45.9832271	11.7608147	0.001
39925900	Via Roma, San Lorenzo, Arsiè, BL, VEN, Italia	45.9830812	11.7577975	0.001
