34099648	Via Emilio Salgari, Le Roselle, Negrar, VR, VEN, 37024, Italia	45.5302036	10.93627	0.001
18136717	Via Vespucci, Bardolino, VR, VEN, 37011, Italia	45.5471467	10.7227025	0.001
18340352	Via Breara, Bardolino, VR, VEN, 37011, Italia	45.5488147	10.7235072	0.001
17476410	Via Fosse, Bardolino, VR, VEN, 37011, Italia	45.5483977	10.720605	0.001
17961520	Borgo Cavour, Bardolino, VR, VEN, 37011, Italia	45.5478304	10.7237212	0.001
15169447	Corso Italia, Garda, VR, VEN, 37016, Italia	45.575147	10.7097605	0.001
39296630	Banca Popolare di Verona, Corso Italia, Garda, VR, VEN, 37016, Italia	45.5772724	10.705829	0.001
6691746	Banca Popolare di Verona, Lungolago Regina Adelaide, Garda, VR, VEN, 37016, Italia	45.5753454	10.7065582	0.001
