50857743	Unicredit, Via Rosa, Quinzano, Verona, VR, VEN, 37125, Italia	45.4447613	10.9967826	0.001
