7205645	Via A. Sperti, Cavarzano, Belluno, BL, VEN, 32100, Italia	46.1526222	12.2125642	0.001
3894826	Piazza Santo Stefano, Borgo Prà, Belluno, BL, VEN, 32100, Italia	46.1408064	12.2183322	0.001
7092869	Via Vittorio Zanon, Baldenich, Belluno, BL, VEN, 32100, Italia	46.1488735	12.2223431	0.001
