40774556	Sentiero lungo lago Coste/Mut, Casera Maddalozzo, Arsiè, BL, VEN, Italia	45.9701584	11.772141	0.001
41277455	La Campagnola, Rocca d'Arsiè, Arsiè, BL, VEN, Italia	45.9599093	11.7547848	0.001
45382473	Via Mori, Case Andreotti, Arsiè, BL, VEN, Italia	45.9699812	11.7181111	0.001
43739193	naroen, CAI 818, Sovramonte, BL, VEN, Italia	46.0784234	11.7895491	0.001
25810840	Via dei Martiri, Lentiai, BL, VEN, 32035, Italia	46.0449343	12.0214035	0.001
24326965	Piazza Crivellaro, Lentiai, BL, VEN, 32035, Italia	46.0447824	12.0215968	0.001
52006088	Strada per Agana, Casoni, Fonzaso, BL, VEN, 32030, Italia	46.0099963	11.7904477	0.001
14177680	CAI 841, Sarzelàr, Seren del Grappa, BL, VEN, 32032, Italia	45.9764723	11.9026189	0.001
