3655003	Sentiero dei Carmini, Piazzette, Marostica, VI, VEN, 36063, Italia	45.7487962	11.6540101	0.001
4370964	Via Tagliamento, Sandrigo, VI, VEN, 36066, Italia	45.6609994	11.5906302	0.001
14715869	Via Chiesa, Sandrigo, VI, VEN, 36066, Italia	45.6411668	11.6099831	0.001
4622571	Via Giacomo Chilesotti, Sandrigo, VI, VEN, 36066, Italia	45.6617068	11.5951797	0.001
8456220	Via Giovanni Pascoli, Sandrigo, VI, VEN, 36066, Italia	45.6620288	11.5980608	0.001
13112709	Via Barco, Mason Vicentino, VI, VEN, 36064, Italia	45.7275772	11.5954065	0.001
13133790	Via Belmonte, Mason Vicentino, VI, VEN, 36064, Italia	45.726411	11.5921115	0.001
6228050	Via Cav. F. Benedetti, Bolzano Vicentino, VI, VEN, 36050, Italia	45.6102252	11.6294511	0.001
13982944	Via Boschi, Fara Vicentino, VI, VEN, 36042, Italia	45.7232446	11.5532828	0.001
