17394019	Via Don Agostino Battistella, Maragnole, Breganze, VI, VEN, 36042, Italia	45.6982986	11.5634257	0.001
15882211	Viale della Repubblica, Sandrigo, VI, VEN, 36066, Italia	45.6555326	11.5895324	0.001
16680418	Via Chizzalunga, Sandrigo, VI, VEN, 36066, Italia	45.6669753	11.5770399	0.001
16756180	Via San Gaetano, Sandrigo, VI, VEN, 36066, Italia	45.6577895	11.5923812	0.001
22506759	Costantin, Via Andrea Parini, Nove, VI, VEN, 36055, Italia	45.7107978	11.6744859	0.001
