10584598	Viale dell'industria, Cà Trenta, Schio, VI, VEN, 36014, Italia	45.717518	11.3916355	0.001
78458281	Via Cappuccini, Thiene, VI, VEN, 36016, Italia	45.70060905	11.4681559450817	0.001
140634817	Via del Terziario, Thiene, VI, VEN, 36016, Italia	45.68938075	11.4809326381628	0.001
19074108	Autolavaggio, Via Marco G. B. Dalla Vecchia, Santorso, VI, VEN, 36014, Italia	45.7316181	11.3877312	0.001
79633434	Viale Europa, Contrà, Sarcedo, VI, VEN, 36016, Italia	45.7100299	11.5002212251868	0.001
11848605	Via Priarossa, Cogollo del Cengio, VI, VEN, 36013, Italia	45.7891471	11.4121075	0.001
