23427445	Via croce dello schioppo, Negrar, VR, VEN, 37020, Italia	45.5953067	10.9593886	0.001
51487870	Via Domenico da Lugo, Grezzana, VR, VEN, 3723, Italia	45.5657399	10.9943644	0.001
44374628	Via Santa Cristina, Bardolino, VR, VEN, 37011, Italia	45.5430316	10.7245307	0.001
42712734	Via Alessandro Volta, Bardolino, VR, VEN, 37011, Italia	45.5408009	10.7264272	0.001
102730591	Via Venezia, Bardolino, VR, VEN, 37011, Italia	45.55863265	10.7162587105728	0.001
