16871511	Lavaggio, Viale Venezia, Conegliano, TV, VEN, 31058, Italia	45.8703961	12.2777967	0.001
11408875	Via A. Marescalchi, Conegliano, TV, VEN, 31015, Italia	45.8744961	12.2815994	0.001
11488781	Viale Friuli, Conegliano, TV, VEN, 31015, Italia	45.8884882	12.3084189	0.001
15505288	Via Distrettuale, Santa Lucia di Piave, TV, VEN, 31025, Italia	45.8571796	12.3057544	0.001
