15632978	Via Romea, Casa De Luca, Chioggia, VE, VEN, 30015, Italia	45.176716	12.2768794	0.001
