77930159	Via Michele Marieschi, Zelo, Chirignago, Venezia, VE, VEN, 30174, Italia	45.5168849	12.21092165	0.001
15607667	Via Mameli, Jesolo, VE, VEN, 30016, Italia	45.5117941	12.6428005	0.001
14300444	201, Viale Altanea, Caorle, VE, VEN, Italia	45.5734693	12.8129255	0.001
4650376	Vega, Via Nuova Moglianese Peseggia, Branco, Scorzè, VE, VEN, 31059, Italia	45.5667278	12.1712993	0.001
5012861	Via don Gianni Gottardi, Olme, Mogliano Veneto, TV, VEN, 31021, Italia	45.5620269	12.2114752	0.001
6295450	Via Zermanesa, Mogliano Veneto, TV, VEN, 31032, Italia	45.5883884	12.3070879	0.001
18874561	Tangenziale di Mestre, Gaggio, Marcon, VE, VEN, Italia	45.5482613	12.3042576	0.001
