91697802	Viale 24 Maggio, Stiore, Quartiere San Giuseppe, Treviso, TV, VEN, 31100, Italia	45.66843045	12.22503074275	0.001
4747026	Via Terraglio, Frescada, Preganziol, TV, VEN, 31022, Italia	45.6209388	12.2384195	0.001
78004955	Pighi, Via Settimo, Morgano, TV, VEN, Italia	45.64322805	12.118404777814	0.001
