107725928	Via Ospedale Marcello Magalini, Villafranca di Verona, VR, VEN, 37069, Italia	45.3434348	10.8284805995984	0.001
95213715	SR62, Villafranca di Verona, VR, VEN, 37060, Italia	45.33974305	10.8361489687154	0.001
113103598	Via Sommacampagna, Villafranca di Verona, VR, VEN, 37066, Italia	45.36527015	10.8464614	0.001
95213684	Via Brocciolo, Villafranca di Verona, VR, VEN, 37060, Italia	45.33874055	10.8341291031938	0.001
52808743	Viale Postumia, Villafranca di Verona, VR, VEN, 37064, Italia	45.3642251	10.8608155	0.001
92932087	Via Vittorio Veneto, Povegliano Veronese, VR, VEN, 37064, Italia	45.3488697	10.8649330995169	0.001
