51244815	Via Strada dei Colli, Castelcucco, TV, VEN, 310147, Italia	45.8264355	11.8862174	0.001
24912512	Via Feltrina, Crocetta del Montello, TV, VEN, 31041, Italia	45.8170051	12.013147	0.001
