99042693	Via Casinò Rosso, Camponogara, VE, VEN, 30010, Italia	45.3937764	12.1051453	0.1
128850959	Via Casinò Rosso, Sambruson, Dolo, VE, VEN, 30010, Italia	45.3944428	12.1222608	0.1
