14674097	Cinema Italia, Via Giacomo Matteotti, Legnago, VR, VEN, 37045, Italia	45.1912148	11.3110333	0.101
124843782	Cinema Teatro Cotogni, Via Pasi, Castelmassa, RO, VEN, 45035, Italia	45.0171328	11.3100656562725	0.101
98003657	Via Giovanni Vicentini, Legnago, VR, VEN, 37045, Italia	45.19155555	11.2981056	0.001
