4124057	Via Lungopiave, San Donà di Piave, VE, VEN, 30027, Italia	45.6267084	12.5626104	0.001
18735999	Via Reginpoto, Concordia Sagittaria, VE, VEN, 30023, Italia	45.7560389	12.8437108	0.001
45552079	Via Baseleghe, San Michele al Tagliamento, VE, VEN, 30028, Italia	45.631477	13.0171895	0.001
46349041	Via Tredici Martiri, San Donà di Piave, VE, VEN, 30027, Italia	45.6304152	12.5713104	0.001
