90903037	Cinema Teatro Valpantena, Via Guglielmo Marconi, Grezzana, VR, VEN, 37023, Italia	45.5182551	11.0176871326124	0.101
7260302	Via Fosse, Bardolino, VR, VEN, 37011, Italia	45.5479131	10.7221016	0.001
