97178524	Cinema Teatro Farinelli, 8, Via Antonio Zanchi, Este, PD, VEN, 35042, Italia	45.22979345	11.652610137322	0.101
