24371816	8, Piazza della Posta, Rucchio, Erbezzo, VR, VEN, 37020, Italia	45.6410178	11.0005509	0.001
