26410227	Centro Sanitario, Via Cassa Rurale, Pravisdomini, PN, FVG, 33083, Italia	45.8172334	12.6932048	0.001
93287587	4, via Ippolito Nievo, San Donà di Piave, VE, VEN, 30027, Italia	45.6336575	12.569298824028	0.001
