91485069	Iniziativa Medica S.p.a., 14, Via Rialto, Monselice, PD, VEN, 35043, Italia	45.24044685	11.7662768971924	0.001
135584495	Ambulatorio Medico, Via Roma, Due Carrare, PD, VEN, 35020, Italia	45.28628945	11.8259769782991	0.001
