15917902	Dott. Gianni Cuman, Via Roma, Sandrigo, VI, VEN, 36066, Italia	45.6609938	11.6055004	0.001
18050887	Studio medico, 46, Via Trozzi, Bressanvido, VI, VEN, 36050, Italia	45.6462494	11.6324371	0.001
47431923	Strada del Lechele, Conco, VI, VEN, 36062, Italia	45.7950468	11.6320234	0.001
27849337	Via Dante Alighieri, Cavallo di Sopra, Lugo di Vicenza, VI, VEN, 36030, Italia	45.7471442	11.5261328	0.001
