102871546	Via garibaldi, Chiesazza, Ficarolo, RO, VEN, Italia	44.95276365	11.433164114066	0.001
