120019435	Via don Cesare Pellizzari, Meolo, VE, VEN, Italia	45.6188158	12.4503905078012	0.001
