8155004	Medical Center, Via Monte Baldo, Garda, VR, VEN, 37016, Italia	45.5772982	10.7081117	0.001
