23518344	Calle de la Sicurta, San Polo, Venezia, VE, VEN, 30125, Italia	45.4386902	12.3352068	0.001
