2601562054	Piazza del Duomo, Lambioi, Belluno, BL, VEN, 32100, Italia	46.1381251	12.2174266	0.001
3711851	Piazza Santo Stefano, Borgo Prà, Belluno, BL, VEN, 32100, Italia	46.1408064	12.218176	0.001
75224679	Piazza dei Martiri, Lambioi, Belluno, BL, VEN, 32100, Italia	46.1391639	12.2158274114035	0.001
2601562055	Via Mezzaterra, Borgo Prà, Belluno, BL, VEN, 32100, Italia	46.1388104	12.2181858	0.001
