17717635	Strada Provinciale 115 di Sagron-Mis, Casere, Sagron Mis, Comunità di Primiero, TN, TAA, Italia	46.1948921	11.9430018	0.001
18136908	801A, Prà de le Fante, Sagron Mis, Comunità di Primiero, TN, TAA, Italia	46.1937187	11.936529	0.001
931245	SP251, Zoldo Alto, BL, VEN, Italia	46.3940023	12.1029608	0.001
13283293	Top Walk, Zoldo Alto, BL, VEN, Italia	46.3634526	12.0899193	0.001
879795	Pio Vanel, Zoldo Alto, BL, VEN, Italia	46.3932221	12.0974769	0.001
28558403	Via Aldo Moro, Taibon Agordino, BL, VEN, 32020, Italia	46.3000418	12.0049249	0.001
28147060	Piazza della Fontana, Taibon Agordino, BL, VEN, 32020, Italia	46.2979581	12.0130351	0.001
