4619834	Fontanella pubblica, Via Stazione, Piazzette, Marostica, VI, VEN, 36063, Italia	45.7450154	11.6564228	0.001
109907894	Via Capitello, Sandrigo, VI, VEN, 36066, Italia	45.65973575	11.586632750375	0.001
27344271	Via Peronia, Cavallo di Sopra, Lugo di Vicenza, VI, VEN, 36030, Italia	45.7460927	11.5342479	0.001
