4215253	Via Nazionale, San Vito di Cadore, BL, VEN, 32046, Italia	46.4636934	12.2045136	0.001
39366589	Via Roma, San Vito di Cadore, BL, VEN, 32046, Italia	46.4538345	12.2086837	0.001
4160601	Via Serdes, San Vito di Cadore, BL, VEN, 32046, Italia	46.4513255	12.1994733	0.001
26662848	SP20, Salator, Zardin, Selva di Cadore, BL, VEN, 2020, Italia	46.451368	12.0344487	0.001
18539020	Via Peronaz, Selva di Cadore, BL, VEN, 2020, Italia	46.4360512	12.1005728	0.001
141331205	493, Vodo di Cadore, BL, VEN, Italia	46.4163262	12.1969729	0.001
