25103123	Piazza Guglielmo Marconi, Valdobbiadene, TV, VEN, 31049, Italia	45.9015059	11.9955216	0.001
5550978	Piazza Guglielmo Marconi, Cornuda, TV, VEN, 31041, Italia	45.8303882	12.0048094	0.001
18648794	Piazza San Marco, Crespano del Grappa, TV, VEN, 31017, Italia	45.8286338	11.840156	0.001
18185373	Piazza Fietta, Malga Vedetta, Paderno del Grappa, TV, VEN, 31017, Italia	45.8425098	11.8500236	0.001
19400622	Via Sant'Andrea, Malga Vedetta, Paderno del Grappa, TV, VEN, 31017, Italia	45.8437118	11.8470308	0.001
24296637	Via Guglielmo Marconi, Alano di Piave, BL, VEN, Italia	45.9078616	11.9080691	0.001
26601395	Via Cornuda, Maser, TV, VEN, 31041, Italia	45.8112096	11.9778025	0.001
