138116172	Via Umbria, Borgo San Giovanni, Chioggia, VE, VEN, 30015, Italia	45.2112085	12.2926000262165	0.001
16781574	Viale Veneto, Borgo San Giovanni, Chioggia, VE, VEN, 30015, Italia	45.214944	12.2947534	0.001
137709611	Via Roma, Brugine, PD, VEN, 35028, Italia	45.2966363	11.99522115	0.001
21091291	Via Monte Grappa, Quartiere Sant'Anna, Piove di Sacco, PD, VEN, 35028, Italia	45.2765572	12.0295231	0.001
49178169	Via Dossi, Terrassa Padovana, PD, VEN, 35020, Italia	45.2439952	11.9474954	0.001
