27097216	Monumento ai Caduti, Via Treviso, Trebaseleghe, PD, VEN, 30033, Italia	45.5917121	12.0512474	0.001
16725840	Via Santa Caterina, Noale, VE, VEN, 30036, Italia	45.533242	12.0491598	0.001
42179535	Via della Fonda, Noale, VE, VEN, 30033, Italia	45.5527328	12.0702998	0.001
72959137	Viale Luigi Camerini, Piazzola sul Brenta, PD, VEN, 35016, Italia	45.54360855	11.7854159976103	0.001
124379461	Via Roma, Santa Maria di Sala, VE, VEN, 30036, Italia	45.50599815	12.0331302194444	0.001
