15096502	Piazzetta Cappellato Pedrocchi, Arcella, Padova, PD, VEN, 35121, Italia	45.4078081	11.8768315	0.001
6714117	Via Po, San Bellino, Padova, PD, VEN, 35135, Italia	45.4542152	11.8570913	0.001
124941476	Piazzale Stanga, Forcellini, Padova, PD, VEN, 35131, Italia	45.4090088	11.9017778508958	0.001
633914	Via Caterino Davila, Arcella, Padova, PD, VEN, 35137, Italia	45.4100288	11.8774418	0.001
15981934	Piazza delle Erbe, Arcella, Padova, PD, VEN, 35122, Italia	45.4067992	11.8757735	0.001
82979464	Via Trieste, Arcella, Padova, PD, VEN, 35121, Italia	45.41302225	11.8796984725878	0.001
15081216	Via Giacomo Matteotti, Arcella, Padova, PD, VEN, 35137, Italia	45.4111827	11.8767057	0.001
72184570	Via Cesare Battisti, Sant'Osvaldo, Padova, PD, VEN, 35100, Italia	45.4026	11.8866670159155	0.001
82969561	Viale Giorgio Perlasca, Arcella, Padova, PD, VEN, 35121, Italia	45.41247825	11.8798161424521	0.001
