20367190	Viale Mediterraneo, Brondolo, Chioggia, VE, VEN, 30015, Italia	45.1962551	12.2817735	0.001
22259656	Via Contarini, Porto Viro, RO, VEN, 45014, Italia	45.0182888	12.229145	0.001
