116581751	Gym, Via Stroppari, Piazzette, Marostica, VI, VEN, 36063, Italia	45.76887265	11.6589641735893	0.101
