14942946	Gym Center, 52, Corso Milano, Arcella, Padova, PD, VEN, 35139, Italia	45.4101662	11.8689738	0.101
