142310425	Ospedale di Camposampiero, Via Pietro Cosma, Baldassa, Camposampiero, PD, VEN, 35012, Italia	45.56472665	11.9282998882043	0.001
102532859	Via Luneo, Mirano, VE, VEN, 30035, Italia	45.51287925	12.1155186859914	0.001
102843729	Ospedale di Noale, Via Battuti, Noale, VE, VEN, 30033, Italia	45.55107885	12.0750874703332	0.001
102341763	Via Goffredo Mameli, Salzano, VE, VEN, 30035, Italia	45.5222662	12.1043271796839	0.001
48974354	Distretto Sanitario, Via dei Contarini, Piazzola sul Brenta, PD, VEN, 35016, Italia	45.5404135	11.781439	0.001
