5998351	Ospedale Civile, Via Bagnols Sur Cèzè, Feltre, BL, VEN, 32032, Italia	46.0231374	11.9080314	0.001
95123792	Via Bagnols Sur Cèzè, Feltre, BL, VEN, 32032, Italia	46.023599	11.9079991637808	0.001
108772408	Via Rigoi, Vettorelli, Lamon, BL, VEN, 32033, Italia	46.047149	11.7478100551237	0.001
