107281060	Ospedale Mater Salutis, Via Pasubio, Legnago, VR, VEN, 37045, Italia	45.1855508	11.3163234698089	0.001
