107281060	Ospedale Mater Salutis, Via Pasubio, Legnago, VR, VEN, 37045, Italia	45.1855508	11.3163234698089	0.001
130372961	Cooperativa Sociale Anderlini, Via San Zeno, San Zeno di Cerea, Cerea, VR, VEN, 37053, Italia	45.20016395	11.2070656761568	0.001
134617548	Distretto Sanitario 2 di Cerea, Via Monte Tomba, Cerea, VR, VEN, 37053, Italia	45.19075665	11.2231344469668	0.001
132705080	Casa di Riposo De Battisti, 51, Via San Zeno, San Zeno di Cerea, Cerea, VR, VEN, 37053, Italia	45.1999308	11.2059382089595	0.001
106515241	Via Vicentini, Bovolone, VR, VEN, 37051, Italia	45.26035175	11.1198473135704	0.001
108161081	Via Raffa, Nogara, VR, VEN, 37054, Italia	45.1676984	11.0475008540845	0.001
103532423	Ospedale civile di Isola della Scala, Via Donatori del Sangue, Isola della Scala, VR, VEN, 37063, Italia	45.268563	11.006554517278	0.001
15809242	Usll20, Via degli Alpini, Albaredo d'Adige, VR, VEN, 37055, Italia	45.3137438	11.2757858	0.001
