103066731	Ospedale di Dolo, Piazza del Mercato, Dolo, VE, VEN, 30031, Italia	45.4228108	12.0696484951658	0.001
11263377	Consultorio USL 13, Via Lago di Lugano, Oriago, Mira, VE, VEN, 30034, Italia	45.4500043	12.1694819	0.001
