108797488	Biblioteca Ex macello, Via Navi romane, Porto Viro, RO, VEN, 45014, Italia	45.0238762	12.216628065154	0.001
