14794527	Pilotto, Via Cesare Battisti, Feltre, BL, VEN, 32032, Italia	46.0178196	11.9024545	0.001
33744147	Libreria Agorà, 22, Via Giuseppe Garibaldi, Feltre, BL, VEN, 32032, Italia	46.0160342	11.9067167	0.001
64413891	Via A.Volta, Pedavena, BL, VEN, 32034, Italia	46.0385447	11.8823288802581	0.001
39727598	Libreria comunale di Fonzaso, Piazza I Novembre, Casoni, Fonzaso, BL, VEN, 32030, Italia	46.0177423	11.7997004	0.001
14874342	Via Villa, Vettorelli, Lamon, BL, VEN, 32033, Italia	46.0444049	11.7501904	0.001
