842976	Biblioteca Comunale, Via Ripa, Borgo Prà, Belluno, BL, VEN, 32100, Italia	46.1388849	12.2173834	0.001
24803430	Via de le Tesure, Tambre, BL, VEN, 32010, Italia	46.1293437	12.4212921	0.001
13894016	Via Giacomo Matteotti, Farra d'Alpago, BL, VEN, 32016, Italia	46.1211241	12.3572413	0.001
17208401	Via Placido Fabris, Pieve d'Alpago, BL, VEN, 32015, Italia	46.1670773	12.3540196	0.001
