8234577	Market, Via Monte Pape, Alleghe, BL, VEN, 32022, Italia	46.4059496	12.0197605	0.001
