15836266	Famila, Via della Vittoria, Pederobba, TV, VEN, 31041, Italia	45.8526776	12.0234052	0.001
