122822425	Piazza Aleardo Gafforini, Via Gottardo Aldegheri, Lazise, VR, VEN, 37017, Italia	45.5057811	10.7332663707879	0.001
77061523	Via delle Palafitte, Cavaion Veronese, VR, VEN, 37011, Italia	45.5380508	10.7711463029683	0.001
