101043189	Piazza Mercato, Via Euganea Bresseo, Teolo, PD, VEN, 3037, Italia	45.36972985	11.716473081882	0.001
72782357	Via Euganea Bresseo, Teolo, PD, VEN, 3037, Italia	45.36972435	11.7164873880181	0.001
