50268102	Alexander, Via Altinate, Jesolo, VE, VEN, 30017, Italia	45.5160784	12.6784252	0.001
