33898264	Farmacia Minciotti, Via San Marco, Feltre, BL, VEN, 32032, Italia	46.0169447	11.9042452	0.001
32276943	Farmacia Ricci, Via 31 Ottobre, Feltre, BL, VEN, 32032, Italia	46.0164386	11.9052506	0.001
22950921	27, Via Strada Vecia, Cesiomaggiore, BL, VEN, 32030, Italia	46.0864564	11.991304	0.001
38904562	Farmacia di Arsiè, Piazza Guglielmo Marconi, San Lorenzo, Arsiè, BL, VEN, Italia	45.9835905	11.757865	0.001
22080089	Via Vittorio Veneto, Pedavena, BL, VEN, 32034, Italia	46.0392709	11.8805279	0.001
32596899	Via Roma, Vettorelli, Lamon, BL, VEN, 32033, Italia	46.0464677	11.7482793	0.001
22251753	16, Via Roma, Santa Giustina, BL, VEN, 32035, Italia	46.0847454	12.0446629	0.001
