29425417	Corso Italia, Cortina d'Ampezzo, BL, VEN, 32043, Italia	46.5392921	12.1349548	0.001
1519780	Strada Colz, Ciampidel, Badia - Abtei, BZ, TAA, 39036, Italia	46.5876134	11.9032738	0.001
23873191	Strada Micurá de Rü, Larijci, Badia - Abtei, BZ, TAA, 39036, Italia	46.5710389	11.9317115	0.001
2601786950	Corso Italia, San Vito di Cadore, BL, VEN, 32046, Italia	46.4602041	12.2047088	0.001
44096668	Via IV Novembre, Rova, Zardin, Selva di Cadore, BL, VEN, 2020, Italia	46.4513768	12.0363337	0.001
