19118229	Carabinieri, Via Euganea Bresseo, Teolo, PD, VEN, 3037, Italia	45.370341	11.7154653	0.001
144528542	Via San Francesco, Rovolon, PD, VEN, 35033, Italia	45.3857413	11.6511863785842	0.001
141511237	Via Liviana, Torreglia, PD, VEN, 35038, Italia	45.3471188	11.7159593010782	0.001
4245881	Via Tito Livio, Monteortone, Abano Terme, PD, VEN, 35031, Italia	45.3589028	11.7888788	0.001
142343893	Via Plinia, Montegrotto Terme, PD, VEN, 35036, Italia	45.33240945	11.7877830097803	0.001
139610549	Via Melchiorre Cesarotti, Selvazzano Dentro, PD, VEN, 35031, Italia	45.3952437	11.7817288276177	0.001
20789946	Via Domenico Veronese, Selvazzano Dentro, PD, VEN, 35031, Italia	45.3890599	11.7897525	0.001
