2023144	Carabinieri, 65, Via Pietro Maraschin, Magrè, Schio, VI, VEN, 36015, Italia	45.7141184	11.3466445	0.001
12532980	Guardia di Finanza, Via Carlo Del Prete, Thiene, VI, VEN, 36016, Italia	45.7033662	11.4781703	0.001
5572847	Carabinieri Thiene, Via Lavarone, Thiene, VI, VEN, 36016, Italia	45.7142956	11.4781999	0.001
78491639	Polizia Locale, Via Rasa, Thiene, VI, VEN, 36016, Italia	45.7031008	11.4821265765544	0.001
3419642	Carabinieri Chiuppano, Via Roma, Chiuppano, VI, VEN, 36010, Italia	45.7612455	11.4630184	0.001
6967150	Carabinieri, Via Marano, Malo, VI, VEN, 36034, Italia	45.6586373	11.4053036	0.001
