18329964	Stazione Carabinieri, Via Trieste, Mestrino, PD, VEN, 35035, Italia	45.4419963	11.7624043	0.001
139782406	Via de Gasperi, Mestrino, PD, VEN, 35035, Italia	45.44202415	11.7622344880263	0.001
