106200830	Carabinieri, Via Antonio Rosso, Maias, Pieve di Cadore, BL, VEN, 32044, Italia	46.42557295	12.3632812724803	0.001
106736161	Polizia stradale, Via Antelao, Dovàl, Valle di Cadore, BL, VEN, 32044, Italia	46.41692035	12.3327019392219	0.001
