65675199	Via San Michele, San Michele Extra, Verona, VR, VEN, 37141, Italia	45.44345285	11.0480819411325	0.001
