1255211	Bulldog Pub, Via Casonetto, Feltre, BL, VEN, Italia	46.0364903	11.9770837	0.101
33803238	Crown Pub, 5, Via Borgo Ruga, Feltre, BL, VEN, 32032, Italia	46.0200796	11.9131643	0.101
14907216	Via A. Slongo, Vettorelli, Lamon, BL, VEN, 32033, Italia	46.0509388	11.7516387	0.001
1187535	chino, Via Piave, Santa Giustina, BL, VEN, 32035, Italia	46.081001	12.0485955	0.001
1268894	Giaci, Via Roma, Santa Giustina, BL, VEN, 32035, Italia	46.0842837	12.0438715	0.001
1286851	bar Centrale, Via Roma, Santa Giustina, BL, VEN, 32035, Italia	46.0839529	12.0434382	0.001
