166874	Camposampiero, Via Guglielmo Marconi, Baldassa, Camposampiero, PD, VEN, 35012, Italia	45.5692236	11.9283633	0.14748918685134
10172379	Noale-Scorzé, Via Umberto Sailer, Noale, VE, VEN, 30033, Italia	45.553841	12.0748852	0.13958297447186
17294003	Salzano-Robegano, Via Monte Grappa, Salzano, VE, VEN, 30037, Italia	45.5353806	12.111564	0.13958297447186
509481	Campodarsego, Via Stazione, Campodarsego, PD, VEN, 35011, Italia	45.5057781	11.9008838	0.13061965013967
518576	San Giorgio delle Pertiche, Via Roma, San Giorgio delle Pertiche, PD, VEN, 35010, Italia	45.5425704	11.9174219	0.13061965013967
511800	Fratte Centro, Via Fontane Bianche, Santa Giustina in Colle, PD, VEN, 35012, Italia	45.5858784	11.9064987	0.13061965013967
