10131660	Monselice, Via Sottomonte, Condominio Bellavista, Monselice, PD, VEN, 35043, Italia	45.2462066	11.7477876	0.17714730829695
3056149	Este, Via Principe Amedeo, Este, PD, VEN, 35042, Italia	45.2209434	11.6629431	0.13061965013967
3159340	Saletto, Viale Stazione, Saletto, PD, VEN, 35046, Italia	45.2227192	11.5350823	0.093055316314571
13448350	Battaglia Terme, Viale Guglielmo Marconi, Battaglia Terme, PD, VEN, 35041, Italia	45.2914806	11.7783966	0.001
10258153	Ospedaletto Euganeo, Via Roma Ovest, Ospedaletto Euganeo, PD, VEN, 35045, Italia	45.2217522	11.6065565	0.001
