18166672	Avio, Via Generale Cantore, Avio, TN, TAA, Italia	45.7333304	10.9549367	0.001
115719935	Avio, Via Generale Cantore, Avio, TN, TAA, Italia	45.73373275	10.9560180953632	0.001
16870475	Borghetto, Via San Biagio, Avio, TN, TAA, Italia	45.6968932	10.9271072	0.001
24680767	Stazione di Ala, Piazzale della Repubblica, Ala, TN, TAA, 38061, Italia	45.759113	10.9963774	0.001
17148696	Peri, Via Stazione, Dolcè, VR, VEN, Italia	45.6582865	10.900577	0.001
