1496649	Padova, Piazzale della Stazione, Arcella, Padova, PD, VEN, 35132, Italia	45.4176683	11.8805442	0.32023326301932
2467071	Padova Campo Marte, Via Palestro, Cave, Padova, PD, VEN, 35141, Italia	45.4077488	11.8527005	0.19401684500863
497705	Vigodarzere, Via Stazione, Vigodarzere, PD, VEN, 35133, Italia	45.4534134	11.8916459	0.18611063262914
