155104	Venezia Mestre, Piazzale Favretti, Gazzera, Marghera, Venezia, VE, VEN, 30171, Italia	45.4821164	12.2320635	0.29741955987991
16407824	Spinea, Via Carpaccio, Graspo d'Uva, Spinea, VE, VEN, 30038, Italia	45.4901488	12.1761966	0.154561534822
23902008	Mira Buse, Via della Ferrovia, Mira Buse, Mira Porte, Mira, VE, VEN, 30034, Italia	45.4271908	12.1389828	0.14748918685134
11441969	Oriago, Via Stazione di Oriago, Oriago, Mira, VE, VEN, 30034, Italia	45.4508165	12.163934	0.13958297447186
16378681	Venezia Porta Ovest, Via Ghebba, Oriago, Mira, VE, VEN, 30176, Italia	45.4640411	12.1796929	0.13061965013967
2321007	Dolo, Via San Silvestro, Mirano, VE, VEN, 30035, Italia	45.4534846	12.0717314	0.001
2384573	Mira-Mirano, Via Miranese, Marano, Mira, VE, VEN, 30030, Italia	45.4629416	12.1188432	0.001
