16309453	Via don Guerrino Bertolin, Jesolo, VE, VEN, 30016, Italia	45.508239	12.6391646	0.001
