142845860	Water-TAXI, Santa Croce, Venezia, VE, VEN, 30121, Italia	45.4385842	12.3193831	0.175
