18436295	Piazzale Aldo Moro, Conegliano, TV, VEN, 31015, Italia	45.88495	12.2986981	0.001
