15022613	Via Barana, San Michele Extra, Verona, VR, VEN, 37131, Italia	45.440298	11.0152948	0.001
39930550	Piazzale 25 Aprile, Quinzano, Verona, VR, VEN, 37125, Italia	45.4294313	10.9830215	0.001
3954968	Piazza Bra, Quinzano, Verona, VR, VEN, 37125, Italia	45.4381975	10.9927411	0.001
19162588	Viale del Lavoro, Verona, VR, VEN, 37122, Italia	45.4186563	10.9812805	0.001
