15229012	Via San Pancrazio, Crespano del Grappa, TV, VEN, 31017, Italia	45.8306521	11.8382725	0.001
