4260642	Via Marzia, Monteortone, Abano Terme, PD, VEN, 35031, Italia	45.3515867	11.7790941	0.001
