113254371	Cinema Teatro Corallo, Via Fosse, Bardolino, VR, VEN, 37011, Italia	45.5481995	10.7219521913948	0.001
