108720665	Teatro Salieri, 26, Via XX Settembre, Legnago, VR, VEN, 37045, Italia	45.1914252	11.307407578125	0.001
103756291	Via garibaldi, Chiesazza, Ficarolo, RO, VEN, Italia	44.95272145	11.4329432198669	0.001
110329512	Teatro sociale di Villa Bartolomea, Via 4 Novembre, Villa Bartolomea, VR, VEN, 37049, Italia	45.15988805	11.3545578969735	0.001
