75308080	Teatro Comunale, Via Rialto, Borgo Prà, Belluno, BL, VEN, 32100, Italia	46.1395491	12.2176399710208	0.001
