88597258	Viale dell'Università, Legnaro, PD, VEN, Italia	45.3456495	11.9570054680485	0.001
145054945	Campus Agripolis, Viale dell'Università, Legnaro, PD, VEN, Italia	45.3460331	11.9572614337359	0.001
