4746409	Via Vittorio Emanuele, Starza, Procida, NA, CAM, 80079, Italia	40.7621786	14.0260835	0.001
16979549	Via San Vito già Pietradonica, Forio, NA, CAM, 80075, Italia	40.7357013	13.8610141	0.001
40300551	Via Avv. F. Regine, Forio, NA, CAM, 80075, Italia	40.7366813	13.8583679	0.001
41784705	Via Giovanni Mazzella, Forio, NA, CAM, 80075, Italia	40.7184502	13.8618708	0.001
