22187145	Via Roma, Loc. Pozzillo, Rofrano, SA, CAM, Italia	40.210468	15.4269633	0.001
22516770	BCC di Sassano, SP11/e, Sassano, SA, CAM, 84036, Italia	40.3611567	15.5899532	0.001
25148528	Località San Rocco, Laurino, SA, CAM, Italia	40.3378781	15.3303051	0.001
110508501	BANCA DEL CILENTO E LUCANIA SUD, 1, Via Angelo Raffaele Passaro, Vallo della Lucania, SA, CAM, 84078, Italia	40.22910445	15.268113	0.001
18548954	Monte dei Paschi, SS 19 via Trinità, Sala Consilina, SA, CAM, 84036, Italia	40.3647517	15.6169798	0.001
22069092	Via Municipio, Moio della Civitella, SA, CAM, 84078, Italia	40.2467804	15.2692362	0.001
22733068	SP284, Magliano Vetere, SA, CAM, Italia	40.3387287	15.2561094	0.001
41154456	SP13/c, Magliano Vetere, SA, CAM, Italia	40.3486608	15.2322	0.001
