41679565	Banca dell Campania, 35, Corso Matteo Ripa, Eboli, SA, CAM, 84025, Italia	40.6180496	15.055291	0.001
40127476	Banco di Napoli, 78, Viale G. Amendola, Eboli, SA, CAM, 84025, Italia	40.6161154	15.0540974	0.001
11385336	Via Felice Ruggiero, Quadrivio, Campagna, SA, CAM, Italia	40.6381059	15.1075798	0.001
12817603	Corso Umberto I, Campagna, SA, CAM, Italia	40.6662988	15.1067833	0.001
11251536	Viale della Pace, Quadrivio, Campagna, SA, CAM, 84025, Italia	40.6356915	15.1045589	0.001
10682989	SS91, Quadrivio, Campagna, SA, CAM, 84025, Italia	40.6371452	15.1062172	0.001
22532771	Sentiero per la Madonna del Fiume, Calabritto, AV, CAM, Italia	40.7877823	15.1825862	0.001
27529966	Strada Cannizzo, Contursi Terme, SA, CAM, 84024, Italia	40.6463206	15.2325332	0.001
