18589143	Contrada Cerrina, Castelcivita, SA, CAM, Italia	40.4916145	15.2067809	0.001
21186764	Banca di Credito Cooperativo di Aquara, SP44/b, Aquara, SA, CAM, Italia	40.4428007	15.2530969	0.001
19180339	Via XX Settembre, Serre, SA, CAM, Italia	40.5829023	15.1868937	0.001
19618843	SP35/a, Sicignano degli Alburni, SA, CAM, Italia	40.5774314	15.2655181	0.001
12257222	Via Socrate, Santa Cecilia, SA, CAM, Italia	40.5240004	15.0012199	0.001
