21856492	sentiero dal monte Pollaro alla Madonna di Grienzi, Calabritto, AV, CAM, Italia	40.81478	15.1721973	0.001
15209921	Corso Giuseppe Garibaldi, Calitri, AV, CAM, 83045, Italia	40.90078	15.4351983	0.001
16074320	Corso Italia, Calitri, AV, CAM, 83045, Italia	40.9017338	15.4309232	0.001
15912417	Via Pietro Nenni, Calitri, AV, CAM, 83045, Italia	40.9046608	15.4275461	0.001
15316025	Piazzale Giolitti, Calitri, AV, CAM, 83045, Italia	40.9009927	15.4340943	0.001
15073883	Via F. A. Cicoira, Calitri, AV, CAM, 83045, Italia	40.9047512	15.4271564	0.001
