20827045	Largo San Martino, Soccavo, Napoli, NA, CAM, 80100, Italia	40.844123	14.2407193	0.001
19115076	Primo tratto Via Alveo, Ercolano, NA, CAM, 80056, Italia	40.8052124	14.3549712	0.001
19550768	Via Panoramica, Ercolano, NA, CAM, 80056, Italia	40.8106755	14.357441	0.001
19550734	Via Marcello Venuti, Ercolano, NA, CAM, 80056, Italia	40.8106126	14.3573444	0.001
