25148528	Località San Rocco, Laurino, SA, CAM, Italia	40.3378781	15.3303051	0.001
22733068	SP284, Magliano Vetere, SA, CAM, Italia	40.3387287	15.2561094	0.001
41154456	SP13/c, Magliano Vetere, SA, CAM, Italia	40.3486608	15.2322	0.001
