18589143	Contrada Cerrina, Castelcivita, SA, CAM, Italia	40.4916145	15.2067809	0.001
