17874212	Viale Colli Aminei, Miano, Napoli, NA, CAM, 80136, Italia	40.869743	14.2373492	0.001
