83491784	Autolavaggio Del Grosso, Via Cupe Inferiore, Eboli, SA, CAM, 84025, Italia	40.60403695	15.0490991730915	0.001
