111954829	Via Due Principati, Pianodardine, Avellino, AV, CAM, 83100, Italia	40.9079077	14.7965610234279	0.001
19997062	Via Antonio Annarumma, Pianodardine, Avellino, AV, CAM, 83100, Italia	40.9282976	14.795231	0.001
19533594	Via Circumvallazione, Pianodardine, Avellino, AV, CAM, 83100, Italia	40.9162186	14.8016872	0.001
101603194	Viale Italia, Avellino, AV, CAM, 83100, Italia	40.9076031	14.7660719853175	0.001
106320482	Via Antonio Annarumma, Pianodardine, Avellino, AV, CAM, 83100, Italia	40.92824285	14.7897070720898	0.001
