14589956	Via delle Rose, Piano di Sorrento, NA, CAM, 80065, Italia	40.6325232	14.4091828	0.001
