40023849	SS90 Bis delle Puglie, Paduli, BN, CAM, Italia	41.163423	14.8918049	0.001
