81460690	Via Casino Brizio, Telese Terme, BN, CAM, 82037, Italia	41.2097625	14.5096889	0.2
