144300802	Casino di Federico II, Via Appia, Venticano, AV, CAM, Italia	41.0989048	14.9293534245894	0.101
