126205087	Ambulatorio Geriatrico, Via Trotula de Ruggiero, Salerno, SA, CAM, 84121, Italia	40.68112165	14.7553941795105	0.001
131828375	Via Poggio San Pantaleone, Pagani, SA, CAM, 84016, Italia	40.73744985	14.6261840996371	0.001
