75442333	Liceo Scientifico, Corso Europa, Calitri, AV, CAM, 83045, Italia	40.90969235	15.4206990074119	0.001
