110823322	Procura della Repubblica, Via Mario Pagano, Eboli, SA, CAM, 84025, Italia	40.61805325	15.0619370420033	0.001
