20209070	Giovanniello, Via Trento, Sturno, AV, CAM, 83055, Italia	41.0197787	15.1080158	0.001
