102840429	Fontana di Bellerofonte, Corso Umberto I, Pianodardine, Avellino, AV, CAM, 83100, Italia	40.91448595	14.7968831	0.001
102891705	Piazza della Libertà, Pianodardine, Avellino, AV, CAM, 83100, Italia	40.9145211	14.7923813818246	0.001
37663818	SP274, Ferrari, Serino, AV, CAM, Italia	40.8571719	14.8552482	0.001
130738518	Strada Statale 574 del Monte Terminio, Serino, AV, CAM, Italia	40.82715295	14.9808383	0.001
14758497	Fontana Piazza, Strada Regionale delle Croci di Acerno, Montella, AV, CAM, 83048, Italia	40.842304	15.0179725	0.001
26971290	SP25, Taurano, AV, CAM, 83020, Italia	40.8830459	14.6346871	0.001
128091427	SP280, Candida, AV, CAM, 83040, Italia	40.95930845	14.8737075085878	0.001
