19840589	Fontana vecchia, SP125, Petina, SA, CAM, Italia	40.530704	15.3804169	0.001
18269529	Via Dottor Giuseppe D'Alessio, Capaccio Capoluogo, Capaccio, SA, CAM, Italia	40.4222163	15.0819855	0.001
22298741	SS166, Roccadaspide, SA, CAM, 84069, Italia	40.4280428	15.1916947	0.001
40648530	Fontana Pietracupa, SS166, Roccadaspide, SA, CAM, 84069, Italia	40.4462024	15.1477932	0.001
13210343	Strada statale 19 delle Calabrie, Postiglione, SA, CAM, Italia	40.5777529	15.2823731	0.001
16759302	SP246/b, Controne, SA, CAM, Italia	40.5172613	15.2000321	0.001
