26743224	Via Altomare, Perdifumo, SA, CAM, Italia	40.2657264	15.0156069	0.001
28521005	SP293, Perdifumo, SA, CAM, Italia	40.2677594	15.0148129	0.001
