10700832	Campolongo Hospital, Via della Marina, Eboli, SA, CAM, Italia	40.5241118	14.9216431	0.101
48015814	Guardia medica, Largo Olmo, Petina, SA, CAM, Italia	40.5327462	15.3732292	0.001
83454778	SP414, Roccadaspide, SA, CAM, 84069, Italia	40.42461475	15.1939415691703	0.001
4122966	Ospedale di Roccadaspide, SP414, Roccadaspide, SA, CAM, 84069, Italia	40.424833	15.1941453	0.001
4584550	Distretto ASL SA3 di Roccadaspide, SS166, Roccadaspide, SA, CAM, 84069, Italia	40.4256661	15.1921281	0.001
48672844	Ospedaliero  Luigi Curto, 84035, Via Luigi Curto, Polla, SA, CAM, 84035, Italia	40.5178229	15.5001764	0.001
118623532	Ospedale L. Curto, 84035, Via Luigi Curto, Polla, SA, CAM, 84035, Italia	40.51759435	15.4999417632545	0.001
