111435906	Villa Maria, Strada statale del Formicoso, Frigento, AV, CAM, 83055, Italia	41.0480342	15.0263999360271	0.001
103364876	Corso Vittorio Emanuele, Ariano Irpino, AV, CAM, 83031, Italia	41.1484481	15.0837990526237	0.001
