83646272	Maria S.S. Addolorata, Via dei Cappuccini, Eboli, SA, CAM, 84025, Italia	40.6188053	15.050263124312	0.001
80812145	Azienda Sanitaria Locale, Via San Bartolomeo, Campagna, SA, CAM, Italia	40.6677716	15.1015030877942	0.001
81492924	SP9/b, Oliveto Citra, SA, CAM, 84024, Italia	40.6911784	15.2363940634633	0.001
11225803	San Francesco D'Assisi, SP9/b, Oliveto Citra, SA, CAM, 84024, Italia	40.6909374	15.2364827	0.001
