24525007	Mercato di Forio, Via M. Verde, Forio, NA, CAM, 80075, Italia	40.7363732	13.861552	0.001
