132355844	Mercato coperto, via Campo Sportivo, Ponte, BN, CAM, Italia	41.2153679	14.6940973506284	0.001
