143777824	Via Sabato Robertelli, Salerno, SA, CAM, 84128, Italia	40.6707229	14.7864461	0.001
98358157	Via Leonino Vinciprova, Salerno, SA, CAM, 84123, Italia	40.67369645	14.7770825008949	0.001
133204441	Via Velia, Battipaglia, SA, CAM, 84091, Italia	40.60194055	14.9797856548539	0.001
131376504	Via Statale 18, Battipaglia, SA, CAM, 84091, Italia	40.59983475	14.9779551602607	0.001
93860300	Via Volturno, Battipaglia, SA, CAM, 84091, Italia	40.6122116	14.9874874994206	0.001
97157278	Piazza Mercato (martedì), Via A.Pascarelli, San Potito, Casali, Roccapiemonte, SA, CAM, 84086, Italia	40.7607708	14.6871301241221	0.001
98272937	Mercato Coperto, Via Papa Giovanni XXIII, Rione Filangieri, Passiano, Cava de' Tirreni, SA, CAM, 84013, Italia	40.7050936	14.7015428431514	0.001
