102634285	Piazzale degli Irpini, Pianodardine, Avellino, AV, CAM, 83100, Italia	40.92686105	14.7897204083905	0.001
111340768	Mercato Ortofrutticolo, Via San Valentino, Sarno, SA, CAM, 84087, Italia	40.80038665	14.6079247337302	0.001
122638008	Via Giacomo Matteotti, Sarno, SA, CAM, 84087, Italia	40.8141443	14.6183848298579	0.001
