4028269	Farmacia Pontillo, Corso Giuseppe Garibaldi, Calitri, AV, CAM, 83045, Italia	40.9007492	15.4354274	0.001
2314587	Farmacia Codella, Corso Giuseppe Garibaldi, Calitri, AV, CAM, 83045, Italia	40.9011203	15.4328869	0.001
17010017	Via Appia, Lioni, AV, CAM, Italia	40.8770468	15.1878491	0.001
17009922	Strada Statale di Castelvetere, Lioni, AV, CAM, 83054, Italia	40.8909254	15.163044	0.001
14226417	Corso 23 novembre 1980, Conza della Campania, AV, CAM, Italia	40.8576328	15.3361606	0.001
14795565	SP178, Rocca San Felice, AV, CAM, 83054, Italia	40.9515272	15.1644577	0.001
