6755316	Farmacia De Baldi, SR267/c, Castellabate, SA, CAM, 84048, Italia	40.2686581	14.9445133	0.001
33218794	Piazza Andrea Torre, Sant'Antuono, Torchiara, SA, CAM, Italia	40.3159737	15.0620194	0.001
21364584	SP46, Laureana Cilento, SA, CAM, Italia	40.299778	15.0488363	0.001
