21558416	Carabinieri, SP190, Mirabella Eclano, AV, CAM, 83036, Italia	41.0480718	15.0074151	0.001
