24268428	Carabinieri, Corso Vittorio Emanuele, Laurino, SA, CAM, Italia	40.3365766	15.3364388	0.001
22114491	Carabinieri, SP121, Sassano, SA, CAM, Italia	40.3401843	15.5622192	0.001
15551685	Carabinieri, E.W. Cosina, Municipio, Buonabitacolo, SA, CAM, Italia	40.2697714	15.6170785	0.001
123446379	Carabinieri, SR488/c, Stio, SA, CAM, Italia	40.30887985	15.2451466940654	0.001
16461948	Carabinieri, SS517, Sanza, SA, CAM, Italia	40.2434777	15.5507193	0.001
7725750	Carabinieri, Via Angelo Rubino, Vallo della Lucania, SA, CAM, 84078, Italia	40.2311015	15.2730173	0.001
