118106605	Penitenziario di Carinola, SP286, Carinola, CE, CAM, Italia	41.1847083	13.9808955629616	0.001
