6416247	Bauru, Corso Vittorio Emanuele, Castellabate, SA, CAM, 84048, Italia	40.2672451	14.938011	0.001
124154507	Ciardo il minchione, SP237, Castellabate, SA, CAM, 84048, Italia	40.30403795	14.9471968785714	0.001
6842336	Gloria, Via Carlo De Angelis, Castellabate, SA, CAM, 84048, Italia	40.2711085	14.9401258	0.001
6421142	Bar Jonathan, Via Margherita, Castellabate, SA, CAM, 84048, Italia	40.2890407	14.9465342	0.001
6428468	Via Marina, Castellabate, SA, CAM, 84048, Italia	40.2688945	14.9354357	0.001
44976601	Rosa Dei Venti, Strada Provinciale 83, Ogliastro Cilento, SA, CAM, Italia	40.356446	15.071619	0.001
17232357	Bar Alento, SP159/b, Prignano Cilento, SA, CAM, 84050, Italia	40.3124502	15.1086386	0.001
