661944	Mikonos, Via Alessio, Albanella, SA, CAM, 84045, Italia	40.4777723	15.117412	0.001
