121245383	Royal Hotel, Strada Statale 372 Telesina, Telese Terme, BN, CAM, 82037, Italia	41.2304453	14.5333732487828	0.001
