11250674	Via del Casino Vecchio, Briano, Caserta, CE, CAM, 81022, Italia	41.1115314	14.3050865	0.001
19260479	Via Domitiana, Mondragone, CE, CAM, 81034, Italia	41.1181401	13.8759151	0.001
126187717	Sale Rosa, Via Domitiana, Mondragone, CE, CAM, 81034, Italia	41.0623792	13.9267670034067	0.001
43706038	IL CANGURO Pizzeria da Asporto, Via D. Sbarra, Casapulla, CE, CAM, 81020, Italia	41.0816318	14.2824782	0.001
39825606	Viale Filippo Brunelleschi, Castel Volturno, CE, CAM, 81034, Italia	41.074647	13.9036368	0.001
131236716	Franco, Viale Filippo Brunelleschi, Castel Volturno, CE, CAM, 81034, Italia	41.05900135	13.9107623281089	0.001
