22011671	Sicignano degli Alburni, SP36/a, Sicignano degli Alburni, SA, CAM, Italia	40.6055856	15.2908685	0.20436424356534
21969241	Contursi Terme, SP65, Contursi Terme, SA, CAM, 84024, Italia	40.6300705	15.2356715	0.13061965013967
10416953	Eboli, Via Enrico Perito, Eboli, SA, CAM, 84025, Italia	40.6112026	15.052418	0.07374459342567
21691972	Buccino-San Gregorio Magno, SP63, Buccino, SA, CAM, Italia	40.6008959	15.3741512	0.001
22256792	Ponte San Cono, SP37/b, Buccino, SA, CAM, Italia	40.6087171	15.3901864	0.001
