141141928	Agropoli-Castellabate, Piazza Luigi Iorio, Agropoli, SA, CAM, 84043, Italia	40.35164935	15.0017949583097	0.001
91598573	Torchiara, SP86, Torchiara, SA, CAM, Italia	40.31631345	15.04072485	0.001
23467101	Vallo della Lucania, Tirrena Inferiore, Casal Velino, SA, CAM, 84060, Italia	40.2295541	15.1584283	0.001
142993597	Omignano-Salento, Tirrena Inferiore, Salento, SA, CAM, 84060, Italia	40.25272315	15.1345946326108	0.001
