14294912	Piazza Vittorio Veneto, Sapri, SA, CAM, 84073, Italia	40.0776929	15.6274647	0.001
