25593468	Strada Statale Amalfitana, Maiori, SA, CAM, Italia	40.6482489	14.6403953	0.001
20508142	via Giovanni Boccaccio, Ravello, SA, CAM, 84011, Italia	40.6490398	14.6132512	0.001
