102840581	Teatro Carlo Gesualdo, Via Luigi Fricchione, Pianodardine, Avellino, AV, CAM, 83100, Italia	40.91597025	14.7980154245077	0.001
15718110	Via dei Caduti, Montella, AV, CAM, 83048, Italia	40.8423643	15.0227143	0.001
