16437822	Teatro Greco, Via Francesco Calise Operaio Foriano, Forio, NA, CAM, 80076, Italia	40.7529697	13.8726105	0.001
121316188	Via delle Ginestre, Ischia, NA, CAM, 80077, Italia	40.73405475	13.9411186388727	0.001
