134576751	Arena Vittoria, Via Casalone Coscia, Pontelandolfo, BN, CAM, Italia	41.2859668	14.692592925112	0.001
133337175	via Campo Sportivo, Ponte, BN, CAM, Italia	41.2158249	14.6946398762979	0.001
