57187882	1, Via Dogali, San Giovanni in Persiceto, BO, EMR, 40017, Italia	44.6406165	11.1887478	0.001
56637490	Corso Italia, San Giovanni in Persiceto, BO, EMR, 40017, Italia	44.638023	11.1865858	0.001
