85367989	ATM, 118, Via delle Industrie, Villaggio Anic, Ravenna, RA, EMR, 48122, Italia	44.431195	12.2214070510529	0.101
92064825	ATM, 118, Via delle Industrie, Villaggio Anic, Ravenna, RA, EMR, 48122, Italia	44.431195	12.2214070510529	0.101
