56523411	Giuly e Pundor, SP138, Sogliano al Rubicone, FC, EMR, 47025, Italia	43.9386583	12.1839388	0.001
