16305465	Via Giovanni Battista Aleotti, Parma, PR, EMR, 43124, Italia	44.7776325	10.3140772	0.001
16433764	Via Antonio Pollaiolo, Parma, PR, EMR, 43124, Italia	44.7775482	10.3166646	0.001
16649002	Via Antonio Pollaiolo, Parma, PR, EMR, 43124, Italia	44.7777245	10.3158111	0.001
16651298	Via Giovanni Battista Aleotti, Parma, PR, EMR, 43124, Italia	44.7776325	10.3140772	0.001
55639391	Piazzale San Lorenzo, Parma, PR, EMR, 43121, Italia	44.7990002	10.3301086	0.001
16649002	Via Antonio Pollaiolo, Parma, PR, EMR, 43124, Italia	44.7777245	10.3158111	0.001
16651298	Via Giovanni Battista Aleotti, Parma, PR, EMR, 43124, Italia	44.7776325	10.3140772	0.001
55639391	Piazzale San Lorenzo, Parma, PR, EMR, 43121, Italia	44.7990002	10.3301086	0.001
