50120518	Pista ciclabile Binda Alfredo, Circoscrizione 4, Ferrara, FE, EMR, 44121, Italia	44.8504944	11.6245324	0.001
4158907	Piazzale del Mare, Comacchio, FE, EMR, Italia	44.7981305	12.2736044	0.001
24751748	FE301, Codigoro, FE, EMR, Italia	44.8067238	12.2371195	0.001
4213153	Via Cristina, Mesola, FE, EMR, Italia	44.8568176	12.2479567	0.001
