24090893	Via Sandro Pertini, Mercato Saraceno, FC, EMR, 47025, Italia	43.965111	12.2007076	0.001
23763316	Via Sandro Pertini, Mercato Saraceno, FC, EMR, 47025, Italia	43.965111	12.2007076	0.001
