4028953	Birreria dei Liutai, Piazza Andrea Costa, Pieve di Cento, BO, EMR, 40066, Italia	44.7136759	11.3066537	0.001
3986447	Osteria del Lupo, Via Risorgimento, Pieve di Cento, BO, EMR, 40066, Italia	44.713277	11.3049369	0.001
203568846	Trieste, 48, via Guercino, Cento, FE, EMR, 44042, Italia	44.727635	11.290472	0.001
203569106	Colazione da Tiffany, 52, via Guercino, Cento, FE, EMR, 44042, Italia	44.7277449	11.2905908	0.001
208607704	Fly Cafè, 6, Via Marcello Provenzali, Cento, FE, EMR, 44042, Italia	44.7269318	11.291218	0.001
203568651	via Guercino, Cento, FE, EMR, 44042, Italia	44.7252952	11.2877506	0.001
203568645	Uno Più, 39, Piazza Guercino, Cento, FE, EMR, 44042, Italia	44.7269757	11.2901761	0.001
203864910	Caffè Italia, 30, via Guercino, Cento, FE, EMR, 44042, Italia	44.7268588	11.289528	0.001
208607713	Caffè San Rocco, Via Cesare Cremonino, Cento, FE, EMR, 44042, Italia	44.7254409	11.290806	0.001
