47308183	tunnel a rulli, Via Richard Wagner, Circoscrizione 4, Ferrara, FE, EMR, 44122, Italia	44.815313	11.6297057	0.001
16972202	SP12, Galliera, BO, EMR, 40015, Italia	44.739815	11.4370252	0.001
22876391	Via Nazionale, Malalbergo, BO, EMR, ww124, Italia	44.7222767	11.5414047	0.001
27197433	Via Daniele Manin, Copparo, FE, EMR, 44034, Italia	44.8848485	11.8219784	0.001
21878911	Via Lambertini, Poggio Renatico, FE, EMR, 44028, Italia	44.772613	11.4804612	0.001
