103869810	Strada Provinciale 10 Caorsana, Caorsana, Piacenza, PC, EMR, 29122, Italia	45.04407135	9.73319017135735	0.001
144730473	Via Emilia Pavese, Borgotrebbia, Piacenza, PC, EMR, 29121, Italia	45.0549518	9.66224372088926	0.001
144049850	via Don A. Carozza, Borgotrebbia, Piacenza, PC, EMR, 29121, Italia	45.0550339	9.66068485488756	0.001
142291785	Strada dell'Anselma, Caorsana, Piacenza, PC, EMR, 29122, Italia	45.04399815	9.73204761026413	0.001
16776421	Via Cisa, Medesano, PR, EMR, 43048, Italia	44.7227947	10.1099355	0.001
51157923	via Stefano Fermi, Ca' del Fittabile, Caorso, PC, EMR, 29012, Italia	45.060674	9.883148	0.001
19270536	SP34, Frascati, Nibbiano, PC, EMR, Italia	44.9078236	9.3318664	0.001
40507524	Via Caneto, San Lorenzo, Castell'Arquato, PC, EMR, 290414, Italia	44.8586165	9.8832202	0.001
87760825	Via Emilia, Maruffi, San Rocco al Porto, LO, LOM, Italia	45.0720415	9.70847672237303	0.001
