56375673	Casino Lancellotti, Modena, MO, EMR, Italia	44.6795788	10.9694597	0.35
56610382	Casino Cavazzuti, Modena, MO, EMR, Italia	44.6762176	10.8812016	0.35
