85720237	Via Casino di Francia, Crevalcore, BO, EMR, 40014, Italia	44.7193638	11.1328539	0.2
90584841	Via Casino di Francia, Crevalcore, BO, EMR, 40014, Italia	44.7193638	11.1328539	0.2
