104033942	Via Casino Laderchi, Faenza, RA, EMR, Italia	44.3527885	12.0117865	0.2
