6235048	Cinema City, Rotonda Andorra, Ravenna, RA, EMR, 48124, Italia	44.4181358	12.1713082	0.101
81517640	Astoria multisala, 233, Via Trieste, Ravenna, RA, EMR, 48122, Italia	44.42538835	12.2299904516961	0.001
26450655	Mariani, Via Ponte Marino, Villaggio Anic, Ravenna, RA, EMR, 48121, Italia	44.4194575	12.1991387	0.001
6333270	Cinema City, Rotonda Andorra, Ravenna, RA, EMR, 48124, Italia	44.4181358	12.1713082	0.101
27185667	Mariani, Via Ponte Marino, Villaggio Anic, Ravenna, RA, EMR, 48121, Italia	44.4194575	12.1991387	0.001
87051534	Astoria multisala, 233, Via Trieste, Ravenna, RA, EMR, 48122, Italia	44.42538835	12.2299904516961	0.001
