45581386	Via Vecchia Traversara, Bagnacavallo, RA, EMR, 48012, Italia	44.4121968	12.0251245	0.001
48087105	Via Vecchia Traversara, Bagnacavallo, RA, EMR, 48012, Italia	44.4121968	12.0251245	0.001
