24972649	Don Zucchini, 19, Corso Guercino, Cento, FE, EMR, 44042, Italia	44.7260677	11.2888018	0.001
