101212990	Cinema Cristallo, Vicolo Mario Bacchini, Fidenza, PR, EMR, 43036, Italia	44.8650476	10.0585857057671	0.101
107934500	Cinema Cristallo, Vicolo Mario Bacchini, Fidenza, PR, EMR, 43036, Italia	44.8650476	10.0585857057671	0.101
