98801979	Emiro, Via Ugo La Malfa, Casa Marchiò, Rubiera, RE, EMR, 42048, Italia	44.6538104	10.7726350359177	0.001
103687109	Emiro, Via Ugo La Malfa, Casa Marchiò, Rubiera, RE, EMR, 42048, Italia	44.6538104	10.7726350359177	0.001
