99043118	villa Maria, Via Madonna di Genova, Cotignola, RA, EMR, 48022, Italia	44.396809	11.8949272459948	0.001
101493805	Maria Cecilia Hospital, Via Madonna di Genova, Cotignola, RA, EMR, 48022, Italia	44.39681355	11.8950685380344	0.001
