47369524	Via Cristoforo Colombo, Foro Boario, Forlì, FC, EMR, 47100, Italia	44.22504	12.0508857	0.001
96590582	Villa Elena, Viale della Repubblica, Meldola, FC, EMR, 47014, Italia	44.12672945	12.0645207675726	0.001
97600172	Via Primo Maggio, Meldola, FC, EMR, 47014, Italia	44.11464165	12.0588027621804	0.001
