12017950	Via Lazzaretto, San Pietro, Forlì, FC, EMR, 47100, Italia	44.2219602	12.0436311	0.001
12108141	Via Lazzaretto, San Pietro, Forlì, FC, EMR, 47100, Italia	44.2219602	12.0436311	0.001
