98434127	Via XXV Aprile, Montecchio Emilia, RE, EMR, 42027, Italia	44.69950925	10.44929205	0.001
102353754	Via venticinque aprile, Montecchio Emilia, RE, EMR, 42027, Italia	44.69950925	10.44929205	0.001
