3998212	Via Luigi Campanini, Pieve di Cento, BO, EMR, 40066, Italia	44.713497	11.3080898	0.001
