3986432	Via Giuseppe Garibaldi, Pieve di Cento, BO, EMR, 40066, Italia	44.7151403	11.3046985	0.001
8545740	H2O, Via Lavinino, Cento, FE, EMR, 40066, Italia	44.7205364	11.2919001	0.001
