21997298	Piazza della Libertà, Copparo, FE, EMR, 44034, Italia	44.8946208	11.8277207	0.001
20133105	Piazza della Repubblica, Tresigallo, FE, EMR, 44039, Italia	44.8172008	11.8946852	0.001
23540235	Piazza della Libertà, Copparo, FE, EMR, 44034, Italia	44.8946208	11.8277207	0.001
20927063	Piazza della Repubblica, Tresigallo, FE, EMR, 44039, Italia	44.8172008	11.8946852	0.001
