16066121	Via Roma, Cagnola, Castelnovo ne' Monti, RE, EMR, 42035, Italia	44.4350324	10.4009761	0.001
17218102	Via Roma, Cagnola, Castelnovo ne' Monti, RE, EMR, 42035, Italia	44.4350324	10.4009761	0.001
