6266774	Via Brigata Ebraica, Ravenna, RA, EMR, 48121, Italia	44.414267	12.2081555	0.001
6037420	Via di Roma, Villaggio Anic, Ravenna, RA, EMR, 48121, Italia	44.4134083	12.2060667	0.001
6374576	Via Brigata Ebraica, Ravenna, RA, EMR, 48121, Italia	44.414267	12.2081555	0.001
6281253	Via di Roma, Ravenna, RA, EMR, 48121, Italia	44.4134083	12.2060667	0.001
