101207381	gym, ciclopedonale, Montecchio Emilia, RE, EMR, 42027, Italia	44.6995004	10.4520888150313	0.111
101871338	gym, ciclopedonale, Montecchio Emilia, RE, EMR, 42027, Italia	44.6995004	10.4520888150313	0.111
