77021900	Ospedale di Stato, Via La Toscana, Cailungo, Borgo Maggiore, 47893, San Marino	43.95023615	12.455487375	0.10803387666472
63803045	Infermi, Via Publio Ovidio Nasone, Bellariva, Rimini, RN, EMR, 47920, Italia	44.0462227	12.5879997168758	0.001
18138859	Ospedale dei villeggianti, Piazzale Benedetto Croce, Bellariva, Rimini, RN, EMR, 47920, Italia	44.0592602	12.591387	0.001
66244333	Ospedale Ceccarini, Viale Frosinone, Abissinia, Riccione, RN, EMR, 47838, Italia	43.9951136	12.650070135912	0.001
107738020	Ausl Cerversi, Via Beethoven, Cattolica, RN, EMR, 47841, Italia	43.95232515	12.7357976486513	0.001
114157354	Via Pascoli, Santarcangelo di Romagna, RN, EMR, 47822, Italia	44.06295855	12.4494074544705	0.001
5583905	Via della Pace, Savignano sul Rubicone, FC, EMR, 47039, Italia	44.0928196	12.4040305	0.001
110718201	Via Giustiniano Giusti, Morciano di Romagna, RN, EMR, 47842, Italia	43.91835485	12.6550277195749	0.001
66433473	Via Giuseppe Montanari, Morciano di Romagna, RN, EMR, 47834, Italia	43.9135828	12.6483433791486	0.001
