110818448	Via Andrea Costa, Castelfranco Emilia, MO, EMR, 41013, Italia	44.5975549	11.0481259303774	0.001
97971052	Via Dante Alighieri, Castelfranco Emilia, MO, EMR, 41013, Italia	44.5977222	11.0483616756127	0.001
113732864	Via Andrea Costa, Fiume, Castelfranco Emilia, MO, EMR, 41013, Italia	44.5975549	11.0481259303774	0.001
102913514	Via Dante Alighieri, Fiume, Castelfranco Emilia, MO, EMR, 41013, Italia	44.5977222	11.0483616756127	0.001
