99762240	Santissima Annunziata, 2, Via Giovanni Vicini, Cento, FE, EMR, 44042, Italia	44.72388145	11.2899541010146	0.001
