19824084	Via Caduti di Via Fani, Crevalcore, BO, EMR, 40014, Italia	44.7144848	11.1505315	0.001
20303574	Via Sagrestia, Crevalcore, BO, EMR, 40014, Italia	44.7144848	11.1505315	0.001
