96774684	Crevalcore2, 330, Viale Giovanni Amendola, Crevalcore, BO, EMR, 40014, Italia	44.71960705	11.1472049415271	0.001
97952370	Crevalcore2, 330, Viale Giovanni Amendola, Crevalcore, BO, EMR, 40014, Italia	44.71960705	11.1472049415271	0.001
