1239696	Via Giacomo Matteotti, Bagnacavallo, RA, EMR, 48012, Italia	44.4157023	11.9788944	0.001
26837258	Via Vecchia Traversara, Bagnacavallo, RA, EMR, 48012, Italia	44.4120732	12.0264669	0.001
6278930	Via Albertino Acquacalda, Lugo, RA, EMR, 48022, Italia	44.421296	11.9132026	0.001
27885710	Via Vecchia Traversara, Bagnacavallo, RA, EMR, 48012, Italia	44.4120732	12.0264669	0.001
1276929	Via Giacomo Matteotti, Bagnacavallo, RA, EMR, 48012, Italia	44.4157023	11.9788944	0.001
6679948	Via Albertino Acquacalda, Lugo, RA, EMR, 48022, Italia	44.4214971	11.9126219	0.001
53806880	Farmacia Alba, Viale Giovanni Pascoli, Solarolo, RA, EMR, 48031, Italia	44.3583298	11.8489429	0.001
