4064370	Via Ventiquattro Maggio, Fidenza, PR, EMR, 43036, Italia	44.8586711	10.074273	0.001
4061890	Via Ventiquattro Maggio, Fidenza, PR, EMR, 43036, Italia	44.8586711	10.074273	0.001
