5585127	Via Loda, Castelfranco Emilia, MO, EMR, 41044, Italia	44.5930895	11.0505966	0.001
5815311	Via Loda, San Paolo, Castelfranco Emilia, MO, EMR, 41013, Italia	44.5930895	11.0505966	0.001
