98632578	Via Caduti dell'Arma, Montecchio Emilia, RE, EMR, 42027, Italia	44.70779805	10.4521310249287	0.001
100042294	Via Pasquino Borghi, Montecchio Emilia, RE, EMR, 42027, Italia	44.69931415	10.4459104923803	0.001
101877723	Via Pasquino Borghi, Montecchio Emilia, RE, EMR, 42027, Italia	44.69931415	10.4459104923803	0.001
101877701	Via Caduti dell'Arma, Montecchio Emilia, RE, EMR, 42027, Italia	44.70779805	10.4521310249287	0.001
