80868824	Prison - Prigioni, Via della Rocca, Ravaldino, Forlì, FC, EMR, 47100, Italia	44.21691015	12.0388408317049	0.101
