67142319	Via Santa Cristina, Villaggio Primo Maggio, Rimini, RN, EMR, 47923, Italia	44.04322165	12.5353874951588	0.001
