2598755963	Carcere di Port'Aurea, Via Cesare Battisti, Ravenna, RA, EMR, 48121, Italia	44.41458045	12.1921379142226	0.001
150511695	Carcere di Port'Aurea, Via Cesare Battisti, Ravenna, RA, EMR, 48121, Italia	44.41458045	12.1921379142226	0.001
