102872507	Forte Urbano, Via Forte Urbano, Castelfranco Emilia, MO, EMR, 41013, Italia	44.6009669	11.0425468338539	0.001
108305463	Via Emilia Ovest, Castelfranco Emilia, MO, EMR, 41044, Italia	44.6006337	11.0421830380858	0.001
108010455	Forte Urbano, Via Forte Urbano, Fiume, Castelfranco Emilia, MO, EMR, 41013, Italia	44.6009669	11.0425468338539	0.001
112713617	Via Emilia Ovest, Fiume, Castelfranco Emilia, MO, EMR, 41013, Italia	44.6006337	11.0421830380858	0.001
