19497983	Località per Volano, Codigoro, FE, EMR, Italia	44.8070536	12.2366924	0.001
23401190	Bar Sport, 35, Via XX Settembre, Codigoro, FE, EMR, 44021, Italia	44.8321439	12.1033347	0.001
208690780	New Age, Via Spiaggia, Comacchio, FE, EMR, Italia	44.8003234	12.2713855	0.001
208690787	Jamaica, Piazzale del Mare, Comacchio, FE, EMR, Italia	44.7990183	12.2704415	0.001
20060541	Località per Volano, Codigoro, FE, EMR, Italia	44.8070536	12.2366924	0.001
24799580	Bar Sport, 35, Via XX Settembre, Codigoro, FE, EMR, 44021, Italia	44.8321439	12.1033347	0.001
