101920300	Pizzeria, Via Aldo Moro, Bobbio, PC, EMR, Italia	44.77278845	9.38856605	0.001
101940364	Strada Statale di Val Trebbia, Bobbio, PC, EMR, Italia	44.7589409	9.3815182479683	0.001
101814146	Ponte Gobbo, Bobbio, PC, EMR, Italia	44.76719145	9.3928488	0.001
107357913	Pizzeria, Via Aldo Moro, Bobbio, PC, EMR, 29022, Italia	44.77278845	9.38856605	0.001
55185939	il Piacentino, Strada Foresta, Bobbio, PC, EMR, 29022, Italia	44.7690649	9.3864344	0.001
106327041	Ponte Gobbo, Bobbio, PC, EMR, 29022, Italia	44.76719145	9.3928488	0.001
107443182	Strada Statale di Val Trebbia, Bobbio, PC, EMR, 29022, Italia	44.7589409	9.3815182479683	0.001
