671200	Forlì, Via Alessandro Volta, Grandi Italiani, Forlì, FC, EMR, 47100, Italia	44.224262	12.0548437	0.31732695533476
678527	Forlì, Via Alessandro Volta, Grandi Italiani, Forlì, FC, EMR, 47100, Italia	44.224262	12.0548437	0.31732695533476
