102778791	Bibbiano, Via Roma, Mangalana, Bibbiano, RE, EMR, 42027, Italia	44.6640137	10.4693337920191	0.001
