3990659	Piacenza, Piazzale Guglielmo Marconi, Caorsana, Piacenza, PC, EMR, 29122, Italia	45.0521039	9.7063011	0.32621598500338
22118052	San Nicolò, Viale Stazione, Rottofreno, PC, EMR, 29010, Italia	45.0588044	9.6064629	0.13061965013967
4125778	Piacenza, Piazzale Guglielmo Marconi, Baia del Re, Piacenza, PC, EMR, 29122, Italia	45.0521039	9.7063011	0.32621598500338
195995768	San Nicolò, Viale Stazione, Rottofreno, PC, EMR, 29010, Italia	45.0588142	9.606423	0.13061965013967
4125778	Piacenza, Piazzale Guglielmo Marconi, Baia del Re, Piacenza, PC, EMR, 29122, Italia	45.0521039	9.7063011	0.32621598500338
195995768	San Nicolò, Viale Stazione, Rottofreno, PC, EMR, 29010, Italia	45.0588142	9.606423	0.13061965013967
