55624720	Largo Pietro Calamandrei, Parma, PR, EMR, 43121, Italia	44.7998703	10.3398695	0.001
55624720	Largo Pietro Calamandrei, Parma, PR, EMR, 43121, Italia	44.7998703	10.3398695	0.001
