12150501	Via Carlo Seganti, Ronco, Forlì, FC, EMR, 47100, Italia	44.1983582	12.0718182	0.001
12522024	Piazza Saffi, San Pietro, Forlì, FC, EMR, 47100, Italia	44.2225741	12.0416543	0.001
12406056	Via Alessandro Volta, Grandi Italiani, Forlì, FC, EMR, 47100, Italia	44.2237759	12.0547699	0.001
12639357	Via Carlo Seganti, Ronco, Forlì, FC, EMR, 47100, Italia	44.1983582	12.0718182	0.001
12625737	Via Alessandro Volta, Grandi Italiani, Forlì, FC, EMR, 47100, Italia	44.2237759	12.0547699	0.001
12667631	Piazza Saffi, San Pietro, Forlì, FC, EMR, 47100, Italia	44.2225741	12.0416543	0.001
