19262892	Teatro del '900, Via Antonio Gramsci, Tresigallo, FE, EMR, 44039, Italia	44.8180347	11.8944749	0.001
20822890	Teatro del '900, Via Antonio Gramsci, Tresigallo, FE, EMR, 44039, Italia	44.8180347	11.8944749	0.001
