41262712	Poste Italiane, Via Gennaro Ravizza, Chieti Scalo, Chieti, CH, ABR, 66100, Italia	42.3480163	14.1652206	0.001
6923816	Caripe, Viale Filippo Masci, Chieti, CH, ABR, 66100, Italia	42.3618199	14.1975928	0.001
45116966	Via B. Antonelli F., Miglianico, CH, ABR, 66010, Italia	42.36134	14.2942185	0.001
46089180	Via San Giacomo, Miglianico, CH, ABR, 66010, Italia	42.3553373	14.2895229	0.001
44360997	Via Roma, Miglianico, CH, ABR, 66010, Italia	42.3573478	14.2910002	0.001
