16369350	Viale Cappuccini, Contrada Torre Marino, Lanciano, CH, ABR, 66034, Italia	42.2245076	14.3858467	0.001
24250761	Via Giulio Cesare, Vasto, CH, ABR, 66054, Italia	42.1240921	14.7105136	0.001
16248083	Carichieti, SP119, Atessa, CH, ABR, 66041, Italia	42.1371796	14.4310197	0.001
17222761	Bancoposta, Via Piazzano, Atessa, CH, ABR, 66041, Italia	42.1305401	14.4188586	0.001
31201816	Carichieti, Via Nazionale, Fara San Martino, CH, ABR, 66015, Italia	42.0901279	14.2065631	0.001
31893209	Banca Popolare Emiliana, Viale Maiella, Fara San Martino, CH, ABR, 66015, Italia	42.0857622	14.2063736	0.001
