23309233	Strada Statale 16 Adriatica, Roseto degli Abruzzi, TE, ABR, 64021, Italia	42.725235	13.9808008	0.001
24198452	Via del Mare, Roseto degli Abruzzi, TE, ABR, 64021, Italia	42.7350678	13.9808347	0.001
