250401	Circonvallazione Aldo Moro, Penne, PE, ABR, 65017, Italia	42.4573457	13.9267316	0.001
