21366450	CARISPAQ, Via Osvaldo Moretti, Ovindoli, AQ, ABR, 67046, Italia	42.1372583	13.515904	0.001
22229033	Via Statale, Ovindoli, AQ, ABR, 67046, Italia	42.1393188	13.5255921	0.001
7935481	Via Circonvallazione, Rocca di Mezzo, AQ, ABR, 67048, Italia	42.2092587	13.5207414	0.001
18192945	Cardo Maximus, Massa d'Albe, AQ, ABR, 67051, Italia	42.0803482	13.4108045	0.001
