48767757	Via Cristoforo Colombo, Teramo, TE, ABR, 64020, Italia	42.7060547	13.8223704	0.001
48939995	Via Troiano Odazi, Teramo, TE, ABR, Italia	42.7074349	13.8074209	0.001
10811089	Beat, Via San Francesco, Giulianova, TE, ABR, 64021, Italia	42.7509153	13.9575953	0.001
52324495	Strada Regionale 80 del Gran Sasso d'Italia, Mosciano Sant'Angelo, TE, ABR, 64023, Italia	42.7067149	13.8764362	0.001
91850746	via Italia, Mosciano Sant'Angelo, TE, ABR, 64023, Italia	42.7135131	13.9085355455597	0.001
