40815704	Viale Abruzzo, Chieti Scalo, Chieti, CH, ABR, 66100, Italia	42.3542203	14.1379768	0.001
126661613	Via Avezzano, Chieti Scalo, Chieti, CH, ABR, 66100, Italia	42.3565674	14.1397772	0.001
17004116	Piazza San Pio X, Chieti Scalo, Chieti, CH, ABR, 66013, Italia	42.3677265	14.1432453	0.001
17261013	Via Pescara, Chieti Scalo, Chieti, CH, ABR, 66013, Italia	42.368415	14.1442167	0.001
