10809671	Corso Giuseppe Garibaldi, Giulianova, TE, ABR, 64021, Italia	42.7509924	13.9583078	0.001
