14749225	Autostrada Adriatica, Tortoreto, TE, ABR, 64011, Italia	42.8041976	13.929198	0.001
21462281	Via A. Zanoni, Alba Adriatica, TE, ABR, 64011, Italia	42.8240899	13.9267199	0.001
