40544424	Chef Express, Via Tancredi da Pentima, L'Aquila, AQ, ABR, 67100, Italia	42.351323	13.3848342	0.001
141939848	Via Superequm, L'Aquila, AQ, ABR, 67100, Italia	42.36291695	13.3748597631158	0.001
45308368	Gran Caffè, Viale Corrado IV, L'Aquila, AQ, ABR, 67100, Italia	42.3561533	13.3872626	0.001
