18253856	Via Tiburtina Valeria, Chieti, CH, ABR, 65012, Italia	42.3155129	14.0769919	0.001
16640846	Via Marvin Gelber, Chieti Scalo, Chieti, CH, ABR, 66013, Italia	42.3629221	14.1364191	0.001
