92001036	Moderno Multiscreen, Piazza Buozzi, Giulianova, TE, ABR, 64021, Italia	42.75187025	13.9582524594247	0.001
