134281512	Via dell'Industria, Paganica, L'Aquila, AQ, ABR, 6720, Italia	42.33650555	13.4698682	0.001
