39899630	Mognamagnara, Mascioni, Campotosto, AQ, ABR, 67014, Italia	42.5661073	13.3163539	0.001
31485774	Via del Ponte, Capitignano, AQ, ABR, 67014, Italia	42.5202901	13.3009854	0.001
33097102	Lavatoio, Piazza del Municipio, Capitignano, AQ, ABR, 67014, Italia	42.5200212	13.3009854	0.001
