22679015	Fontana delle 99 cannelle, Via Borgo Rivera, L'Aquila, AQ, ABR, 67100, Italia	42.3496305	13.3895709	0.29497837370268
15189309	Piazza Duomo, L'Aquila, AQ, ABR, 67100, Italia	42.3487076	13.3986751	0.001
136170552	Fontana Luminosa, Piazza Battaglione Alpini, L'Aquila, AQ, ABR, 67100, Italia	42.3538361	13.4013174197257	0.001
