27209217	Piazza del Treo, Via del Treo, Paganica, L'Aquila, AQ, ABR, 67010, Italia	42.3913878	13.4946599	0.001
23330403	267, Calascio, AQ, ABR, 67023, Italia	42.3256654	13.6971043	0.001
