21208964	Lungomare Sirena, Tortoreto, TE, ABR, 64018, Italia	42.8037945	13.94299	0.001
108697543	Via Cona, Corropoli, TE, ABR, 64015, Italia	42.8274406	13.8348078293893	0.001
25763017	Via Giovanni XXIII, Corropoli, TE, ABR, 64013, Italia	42.8176498	13.8535365	0.001
47185772	Fonte Lu Pisciarill, Lu Pisciarill, Controguerra, TE, ABR, 64015, Italia	42.8608737	13.8283509	0.001
4788518	Via Gabriele D'Annunzio, Controguerra, TE, ABR, 64015, Italia	42.8555229	13.8194111	0.001
21208857	Lungomare Guglielmo Marconi, Alba Adriatica, TE, ABR, 64011, Italia	42.8283923	13.9343909	0.001
19027361	Rotonda Nilo, Lungomare Guglielmo Marconi, Alba Adriatica, TE, ABR, 64011, Italia	42.836928	13.9318373	0.001
