226322	Strada Statale 81 Piceno Aprutina, Penne, PE, ABR, 65017, Italia	42.4547849	13.9349634	0.001
67559952	Fonte S. Simone, Via Clemente De Caesaris, Penne, PE, ABR, 65017, Italia	42.4530774	13.92425565	0.001
227358	Largo San Panfilo, Penne, PE, ABR, 65017, Italia	42.4546911	13.926576	0.001
1321020	Trifonte, Strada Statale 81 Piceno Aprutina, Penne, PE, ABR, 65017, Italia	42.4564219	13.9331358	0.001
228536	Largo Fontemanente, Penne, PE, ABR, 65017, Italia	42.4595969	13.9260614	0.001
310291	Fonte Nuova, Sentiero Serafino Razzi, Penne, PE, ABR, 65017, Italia	42.4565501	13.924289	0.001
64438450	Fonte Sacioli, SP8, Penne, PE, ABR, 65017, Italia	42.46380105	13.9153214	0.001
