44889077	My Gym, 67, Via Antonio Panella, L'Aquila, AQ, ABR, 67100, Italia	42.3542322	13.4153047	0.101
