83402673	ITAB, Via Colle dell'Ara, Chieti Scalo, Chieti, CH, ABR, 66013, Italia	42.36677155	14.1483726422581	0.001
