1302015	Contrada Colle Formica, Penne, PE, ABR, 65017, Italia	42.4503197	13.9190537	0.001
52322205	Ospedale San Massimo, Via Giovanni D'Alfonso, Penne, PE, ABR, 65017, Italia	42.4594182	13.9216410034844	0.001
