246233	Corso dei Martiri Pennesi, Penne, PE, ABR, 65017, Italia	42.4586697	13.9255562	0.001
