5508174	Via Sotto La Torre, Contrada Sant'Egidio, Lanciano, CH, ABR, 66034, Italia	42.2310637	14.3906148	0.001
25056079	Via San Rocco, Vasto, CH, ABR, 66054, Italia	42.1273913	14.7066902	0.001
26491717	Farmacia, Circonvallazione Histoniense, Vasto, CH, ABR, 66054, Italia	42.110032	14.7018853	0.001
17953136	Di Domizio, Via Madonna dell'Asilo, Vasto, CH, ABR, 66054, Italia	42.1142171	14.7081161	0.001
5822550	SS16, Vasto, CH, ABR, 66054, Italia	42.1030714	14.7166656	0.001
15084357	Farmacia Falcocchio, Salita Castello, Atessa, CH, ABR, Italia	42.0676869	14.4427726	0.001
18244364	Vico II, Crecchio, CH, ABR, 66014, Italia	42.297294	14.3264277	0.001
32601245	Farmacia Di Nardo, Piazza Municipale, Fara San Martino, CH, ABR, 66015, Italia	42.0897527	14.2052052	0.001
17932000	Farmacia, Via Verso Tollo, Canosa Sannita, CH, ABR, 66014, Italia	42.2964917	14.3047547	0.001
