81439773	Carabinieri, Via Gaetano Ricciardi, Chieti Scalo, Chieti, CH, ABR, 66100, Italia	42.35857835	14.1448154610472	0.001
92144430	Via Pescara, Chieti Scalo, Chieti, CH, ABR, 66013, Italia	42.36969905	14.14517595	0.001
