10811089	Beat, Via San Francesco, Giulianova, TE, ABR, 64021, Italia	42.7509153	13.9575953	0.001
