118994951	Scuola Elementare, Via Corone, Alfedena, AQ, ABR, 67030, Italia	41.73524865	14.029195349171	0.001
40048046	Scuola O.Colecchi, Via Ottavio Colecchi, Pescocostanzo, AQ, ABR, Italia	41.8881922	14.0656034	0.001
141109310	Piazza La Porta Di Sopra, Barrea, AQ, ABR, Italia	41.75736665	13.9922399	0.001
140698627	Via Napoli, San Donato Val di Comino, FR, LAZ, Italia	41.7078968	13.8146233851869	0.001
