91965257	Scuola Elementare  E. De Amicis, Piazza della Libertà, Giulianova, TE, ABR, 64021, Italia	42.7506009	13.957287489589	0.001
129706872	Via Antonio Gramsci, Giulianova, TE, ABR, 64021, Italia	42.74244025	13.9632467537752	0.001
94336615	Via Redipuglia, Giulianova, TE, ABR, 64021, Italia	42.7442796	13.9723636500555	0.001
77699335	MIUR, Strada Statale 16 Adriatica, Roseto degli Abruzzi, TE, ABR, 64021, Italia	42.7247588	13.9790826087187	0.001
