19282948	Via Regina Margherita, Alba Adriatica, TE, ABR, 64011, Italia	42.8346543	13.9176002	0.001
