94782388	Teatro Comunale, Via 24 Maggio, Pratola Peligna, AQ, ABR, Italia	42.1000139	13.8762746113772	0.001
