63988607	Teatro Fenaroli, Via Valsecchi, Contrada Sant'Egidio, Lanciano, CH, ABR, 66034, Italia	42.2313475	14.3907676520564	0.001
113100449	Arena delle Grazie, Via Roma, Vasto, CH, ABR, 66054, Italia	42.1141351	14.7129656280405	0.001
15796259	Teatro Comunale, Salita Castello, Atessa, CH, ABR, Italia	42.0677268	14.4428688	0.001
134901279	Teatro comunale, Via Napoli, Fara San Martino, CH, ABR, 66015, Italia	42.08917485	14.2042758972682	0.001
