14154957	Via Sassari, Stampace, Casteddu/Cagliari, CA, SAR, 09121-09131, 09134, Italia	39.2155555	9.1089984	0.001
22161896	Via Francesco Fara, Stampace, Casteddu/Cagliari, CA, SAR, 09121-09131, 09134, Italia	39.2185144	9.1132201	0.001
17416116	Piazza Italia, Santa Teresa, Casteddu/Cagliari, CA, SAR, 09121-09131, 09134, Italia	39.2461583	9.1293293	0.001
16670020	Via Leandro Corona, Terramaini, Casteddu/Cagliari, CA, SAR, 09121-09131, 09134, Italia	39.2470214	9.1312216	0.001
