48641245	Blues Bar, 19, Via Carbonia, Narcau/Narcao, CI, SAR, 09010, Italia	39.1668747	8.6741819	0.101
19684061	Bar Tommaso, 13, Via Vittorio Emanuele III, Musei, CI, SAR, 09010, Italia	39.3018428	8.6699573	0.101
50053100	Lo Sfizio Sardo, Via Nazionale, Santu Antiogu/Sant'Antioco, CI, SAR, 09017, Italia	39.062449	8.45767	0.001
124982142	Piazza Chiesa, Tratalias, CI, SAR, 09010, Italia	39.09758325	8.57216523980977	0.001
20439681	Via Cesare Battisti, Perdaxius, CI, SAR, 09010, Italia	39.1612045	8.6124547	0.001
21297091	Via Nazionale, Perdaxius, CI, SAR, 09010, Italia	39.1608551	8.6129777	0.001
