22233147	Via Walter Pasella, Li Punti, Sassari, SS, SAR, 07100, 07040, Italia	40.7480052	8.5173159	0.001
