109184643	Via Giuseppe Garibaldi, Serrenti, VS, SAR, 09027, Italia	39.4941479	8.9773246	0.001
