26429320	Via Iosto, Cùllieri/Cuglieri, OR, SAR, 09073, Italia	40.1896422	8.5677835	0.001
42129577	SP63, Sàgama/Sagama, OR, SAR, 08010, Italia	40.2363929	8.6137783	0.001
42616028	Via della Concierie, Bosa, OR, SAR, 08013, Italia	40.2948303	8.4992176	0.001
40300224	SP78, Iscanu/Scano di Montiferro, OR, SAR, 09078, Italia	40.2359786	8.6137912	0.001
