28519507	Gaudì, Via Coghe, Assèmini/Assemini, CA, SAR, 09032, Italia	39.2831189	9.0003409	0.001
22899292	Piazza Sant'Efisio Martire, Cabuderra/Capoterra, CA, SAR, 09012, Italia	39.1356511	9.0120127	0.001
41818981	SS195, Cabuderra/Capoterra, CA, SAR, 09012, Italia	39.1311877	9.0099158	0.001
