22845139	Piccolo Bar, Via Tempio, Rizzeddu, Sassari, SS, SAR, 07100, 07040, Italia	40.7183848	8.5666275	0.001
22148312	Caffè Sechi, Viale Italia, Rizzeddu, Sassari, SS, SAR, 07100, 07040, Italia	40.718432	8.5559328	0.001
21450153	Statale della Nurra, Caniga, Sassari, SS, SAR, 07100, 07040, Italia	40.7339135	8.5211651	0.001
22366454	Tris Bar, Via Tempio, Rizzeddu, Sassari, SS, SAR, 07100, 07040, Italia	40.7183014	8.5662194	0.001
22433427	Via Predda Niedda, San Pietro, Sassari, SS, SAR, 07100, 07040, Italia	40.7310896	8.5416827	0.001
21893269	Viale Italia, Rizzeddu, Sassari, SS, SAR, 07100, 07040, Italia	40.7210872	8.5586603	0.001
18629867	Via Tiziano, Sòssu/Sorso, SS, SAR, 07037, Italia	40.7968284	8.5729937	0.001
18759228	Bar della Stazione, Viale S. Cottoni, Sòssu/Sorso, SS, SAR, 07037, Italia	40.7963492	8.5739057	0.001
19594419	Pasticceria, Via Roma, Sènnaru/Sennori, SS, SAR, 07036, Italia	40.7889862	8.5940457	0.001
