22981603	Via Preda Niedda Nord, San Pietro, Sassari, SS, SAR, 07100, 07040, Italia	40.7282204	8.5482271	0.001
110833221	Wash Services, Strada 21, Sant'Orsola, Sassari, SS, SAR, 07100, 07040, Italia	40.7360999	8.53713477463595	0.001
