96727836	Cineteatro murgia, Via Pio Piras, Gùspini/Guspini, VS, SAR, 09036, Italia	39.53871285	8.62613913547507	0.001
