24505912	Centro Assistenza Anziani, Via Piandanna, San Pietro, Sassari, SS, SAR, 07100, 07040, Italia	40.7191374	8.5452447	0.001
107754976	Ex Ospedale San Camillo, SS200, Sassari 2, Sassari, SS, SAR, 07100, 07040, Italia	40.762193	8.56887137424452	0.001
