81624735	Istituto Tecnico Commerciale, Via Liguria, Orosei, NU, SAR, 08028, Italia	40.37718195	9.69877263545816	0.001
