95171452	Palazzo di Giustizia, Via Luigi Amat, Monte Urpinu, Casteddu/Cagliari, CA, SAR, 09121-09131, 09134, Italia	39.21655555	9.12683815755486	0.001
125232750	Via Dante, Villanova, Casteddu/Cagliari, CA, SAR, 09121-09131, 09134, Italia	39.2145664	9.12507814538368	0.001
121877220	Piazza del Carmine, Stampace, Casteddu/Cagliari, CA, SAR, 09121-09131, 09134, Italia	39.21635035	9.11023843177473	0.001
121865731	Via Luigi Amat, Monte Urpinu, Casteddu/Cagliari, CA, SAR, 09121-09131, 09134, Italia	39.21655365	9.12688675188564	0.001
