22385691	Via Grazia Deledda, Serrenti, VS, SAR, 09027, Italia	39.4919957	8.9741965	0.001
