20921953	Via Eleonora d'Arborea, Serrenti, VS, SAR, 09027, Italia	39.4921904	8.9735343	0.001
111396276	Guardia Medica, Via Antonio Gramsci, Serrenti, VS, SAR, 09027, Italia	39.49258805	8.97601226036513	0.001
