129704403	Via Episcopio, Tèmpiu/Tempio Pausania, OT, SAR, 07029, Italia	40.8996113	9.1032932	0.001
