16954539	Fontana, Via Catania, Medau Canè, Carbònia/Carbonia, CI, SAR, 09013, Italia	39.165075	8.525674	0.001
130880077	Via Roma, Masainas, CI, SAR, 09010, Italia	39.05162875	8.62928869980414	0.001
18827465	Piazza IV Novembre, Musei, CI, SAR, 09010, Italia	39.3021636	8.6674649	0.001
128820410	Is Loccis, Borgata di Palmas, Santu Giuanni Suèrgiu/San Giovanni Suergiu, CI, SAR, 09010, Italia	39.12486595	8.51771070294737	0.001
19207036	Via Enrico Fermi, Musei, CI, SAR, 09010, Italia	39.3025611	8.6676774	0.001
16112348	Pula, CA, SAR, 09010, Italia	39.0332818	8.8515466	0.001
