19031985	Fontana Su Maimoni, Piazza Lamarmora, Igrèsias/Iglesias, CI, SAR, 09016, Italia	39.3135707	8.5338162	0.001
19882635	Viale Matteotti, Serramanna, VS, SAR, 09038, Italia	39.4258516	8.9191577	0.001
121836042	Via Giuseppe Garibaldi, Serrenti, VS, SAR, 09027, Italia	39.49402005	8.97699407463235	0.001
