124687186	Corso Europa, Truncu Is Follas, Assèmini/Assemini, CA, SAR, 09032, Italia	39.2878306	9.00623700237269	0.001
124414120	Via Sassari, Assèmini/Assemini, CA, SAR, 09032, Italia	39.29579705	8.99516099227273	0.001
127084698	Via San Giorgio, Truncu Is Follas, Assèmini/Assemini, CA, SAR, 09032, Italia	39.28035915	9.06438925	0.001
124170050	Via Puccini, Assèmini/Assemini, CA, SAR, 09032, Italia	39.2926033	8.9950005	0.001
126222522	Via Sicilia, Truncu Is Follas, Assèmini/Assemini, CA, SAR, 09032, Italia	39.28615765	9.01147821866667	0.001
122454390	Via Piave, Assèmini/Assemini, CA, SAR, 09032, Italia	39.2916406	8.99903520338266	0.001
124538711	SS130, Giliacquas, Su Masu/Elmas, CA, SAR, 09030, Italia	39.27643465	9.05262705113636	0.001
124166314	Via Sestu, Su Masu/Elmas, CA, SAR, 09030, Italia	39.2706253	9.0568432640625	0.001
