117547125	Ospedale A. G. Mastino, Via Pischedda, Bosa, OR, SAR, 08013, Italia	40.3009279	8.49551805808824	0.001
