125810503	Via Silesu, Quartu Sant'Aleni/Quartu Sant'Elena, CA, SAR, 09045, Italia	39.2327919	9.1847395080971	0.001
