108267152	Biblioteca Comunale, Via San Giacomo, Mandas, CA, SAR, 09040, Italia	39.6510853	9.12791395146274	0.001
