18927983	Biblioteca, Piazza Italia, Musei, CI, SAR, 09010, Italia	39.301751	8.6704778	0.001
