24826920	Mercato Civico, Via Torino, Portescusi/Portoscuso, CI, SAR, 09010, Italia	39.2039624	8.3823452	0.001
113949307	Via Torino, Portescusi/Portoscuso, CI, SAR, 09010, Italia	39.2040356	8.38238597718469	0.001
