7005561	Via Umberto, Porto Frailis, Tortolì, OG, SAR, 08048, Italia	39.9263817	9.6592918	0.001
25576180	Via Giuseppe Garibaldi, Àrthana/Arzana, OG, SAR, 08040, Italia	39.9190592	9.5273208	0.001
18370212	Viale Pedras, Santa Maria Navarrese, Baunei, OG, SAR, 08040, Italia	39.9885595	9.6859926	0.001
14770872	Farmacia, Via Roma, Lotzorai, OG, SAR, 08040, Italia	39.9682062	9.6604089	0.001
