24466970	Via G. Cesare, Portescusi/Portoscuso, CI, SAR, 09010, Italia	39.2040484	8.3803201	0.001
21192513	Via Nazionale, Perdaxius, CI, SAR, 09010, Italia	39.1611171	8.6130636	0.001
19644922	Farmacia, 19, Via Enrico Fermi, Musei, CI, SAR, 09010, Italia	39.3024593	8.6668808	0.001
