124107119	Via Grazia Deledda, Porto Frailis, Tortolì, OG, SAR, 08048, Italia	39.9306127	9.66832271268285	0.001
124338735	Via Repubblica, Lanusèi/Lanusei, OG, SAR, 08045, Italia	39.88142045	9.54110956053971	0.001
