129218473	Carabinieri, Via Regina Margherita, Mandas, CA, SAR, 09040, Italia	39.65295625	9.13192580310686	0.001
