133629945	Carcere di Massama, SP9, Siamajori/Siamaggiore, OR, SAR, 09070, Italia	39.94078795	8.61201176174523	0.001
