48641245	Blues Bar, 19, Via Carbonia, Narcau/Narcao, CI, SAR, 09010, Italia	39.1668747	8.6741819	0.001
