47597210	Bar Pizzeria da Peppe, 207, Via Repubblica, Arbus, VS, SAR, 09031, Italia	39.5284245	8.6041818	0.101
15709050	SS196, Biddesorris/Villasor, CA, SAR, 09034, Italia	39.3470343	8.9554772	0.001
47005701	Birroteca, Via Cagliari, Igrèsias/Iglesias, CI, SAR, 09016, Italia	39.3133358	8.5359285	0.001
