25550477	Ghibli Pub, Via Carchero, Cùllieri/Cuglieri, OR, SAR, 09073, Italia	40.1895096	8.5675614	0.101
33816382	SS129bis, Bosa, OR, SAR, 08013, Italia	40.2927474	8.4967578	0.001
15886742	Corso Umberto I, Macumere/Macomer, NU, SAR, 08015, Italia	40.2681901	8.7746257	0.001
