18080414	Pizzeria La Conchiglia, SS547, Senorbì, CA, SAR, 09040, Italia	39.526495	9.1345647	0.001
