14550566	San Gavino, Via Gaetano Donizetti, Santu 'Èngiu/San Gavino Monreale, VS, SAR, 09037, Italia	39.5578849	8.8008784	0.29741955987991
13717715	Serramanna-Nuraminis, Viale Matteotti, Serramanna, VS, SAR, 09038, Italia	39.4260922	8.9166005	0.29330015574966
14386319	Samassi-Serrenti, ex SS 293 di Giba, Samassi, VS, SAR, 09030, Italia	39.4829567	8.8990671	0.29330015574966
14624756	Villasor, Via Mahatma Gandhi, Biddesorris/Villasor, CA, SAR, 09034, Italia	39.3814275	8.9359565	0.29244504582027
13703951	Sanluri Stato, Bia Tressargia (confine S.Gavino-Sanluri), Santu 'Èngiu/San Gavino Monreale, VS, SAR, 09037, Italia	39.5263415	8.8497909	0.046527658157285
14555629	Pabillonis, SP69, Pabillois/Pabillonis, VS, SAR, 09030, Italia	39.6108783	8.7409982	0.001
122181049	Accesso sopraelevata, ex SS 293 di Giba, Samassi, VS, SAR, 09030, Italia	39.48333035	8.89904505792095	0.001
