21831562	SS291, Fertilia, l'Alguer/Alghero, SS, SAR, Italia	40.6305613	8.2959478	0.001
