121791819	Teatro Lirico, Piazza Amedeo Nazzari, Sant'Alenixedda, Casteddu/Cagliari, CA, SAR, 09121-09131, 09134, Italia	39.22627575	9.12342070102079	0.27810883699101
123486391	Teatro Civico all'Aperto, Via Mario De Candia, Castello, Casteddu/Cagliari, CA, SAR, 09121-09131, 09134, Italia	39.21673255	9.11574157046861	0.2423836653823
123726024	Teatro Alfieri, Via della Pineta, Bonaria, Casteddu/Cagliari, CA, SAR, 09121-09131, 09134, Italia	39.20772285	9.13339884986888	0.001
94884365	Auditorium Comunale, Via Principe Amedeo, Marina, Casteddu/Cagliari, CA, SAR, 09121-09131, 09134, Italia	39.2153891	9.11472653500001	0.001
122694669	Teatro Massimo, Viale Trento, Tuvixeddu-Tuvumannu, Casteddu/Cagliari, CA, SAR, 09121-09131, 09134, Italia	39.22248085	9.1059655840964	0.001
48348557	Via Italia, Terramaini, Casteddu/Cagliari, CA, SAR, 09121-09131, 09134, Italia	39.2481219	9.1316613	0.001
123305397	Teatro Dettori, Via Principe Amedeo, Marina, Casteddu/Cagliari, CA, SAR, 09121-09131, 09134, Italia	39.21536985	9.1147548548445	0.001
110782533	Teatro Comunale di Si' e Boi, Via Giuseppe Mazzini, Ceraxius/Selargius, CA, SAR, 09047, Italia	39.25436765	9.17072288053249	0.001
144460863	SP8, Paùli/Monserrato, CA, SAR, 09042, Italia	39.2714561	9.12337050860181	0.001
