101418259	Anfiteatro Comunale, Via Carlo Alberto, Triei, OG, SAR, 08040, Italia	40.03851	9.64056762102637	0.001
